x,y,z
1.5715980270135443,4.275320400194673,6.830733141825468
-0.023552890236978364,3.1632082336879566,6.623451045846256
0.8258884226070761,3.435139288674949,6.454574038402137
1.516385445556814,3.6508042893376462,6.592163492722416
0.26239797665086917,3.0595471494865785,6.018788654788719
0.35222691733341704,3.259430102292691,6.165535140809686
-0.05255873288703055,2.9272219885971746,5.999335964493461
1.2442126596958858,3.630534365315183,6.124794595378777
1.255108027606739,3.578438868366716,6.691744159920152
0.7846390685497859,3.2717275556125225,6.258051408838664
0.26520119738566844,3.2711783893464452,6.335390674057085
-0.27074792096922384,2.5793816784303396,5.785999361047269
-2.6761519016967656,1.427410476503696,5.859379030278613
0.269487298134592,3.242455016020635,6.387858861429825
-0.15279164082348173,3.159511773905121,6.2679789007617215
-0.49020840812885297,2.71885275993463,6.1513110470397825
1.981174480719809,4.086002114810494,6.428787194529789
2.2659382618377726,3.961065737629662,6.643940342363248
-0.5935135180103328,2.318290232121158,5.7111844810583685
1.0002239017060972,3.514746882870137,6.120079891751214
-0.34245045153941156,2.7101289050517847,6.227039980136744
-1.5989701916742503,2.053847965240605,5.6708780758246915
2.4534344678756907,4.330731374326642,6.70072115410082
-0.006045693339306293,3.161068684729177,6.002762320476257
-0.14954190397033162,2.6067252818211024,6.120186056796547
-0.6889657992037549,2.596140009383447,5.909858327545656
-0.27275210480656575,3.032189519840797,6.056898352000517
-0.9643357196514337,2.640713825081134,5.606805445024721
-1.0774392375606143,2.2728274884050057,5.930923927052876
2.337286589137006,4.432036067626623,6.450157141830317
-1.4202658587793409,2.2033764771054574,5.935330293562793
1.2705455824405827,3.6493630258863203,6.3740146158987
0.6810733476460735,3.027961558602406,6.158046031657345
-0.14608858825316853,2.6456487058157023,6.067368641857704
-0.025832757803295067,2.811480840052146,6.158902590858079
0.748208406333412,3.421278116888165,6.473987837947149
0.6092333327586575,3.4506103436521864,6.237737238844065
-1.5619668561256281,2.0122470973822764,5.942170655197968
-0.3744015800150259,2.5993007607078042,5.839981552911288
0.004563611631419681,3.0569844799741395,6.22492412362969
-0.2780963653237067,2.9827480322375344,5.925782971993929
0.5311555370989721,3.1110085939020387,6.606489646257648
0.5853763674116322,3.257944751153079,6.331632232464154
0.5896547867895038,3.1597053093807075,6.405825916010868
1.842581639011544,4.379332218302361,6.404362308775763
-0.7261275300333238,2.7156142017713596,5.838035736987714
0.2621975755086381,3.109324899605702,6.086779166999654
2.4188020019861645,4.358649103765939,6.918652927728664
-0.5929179352350782,2.837536015421255,6.053833994647956
-0.13092235836051086,2.991758745691701,5.788948677783798
1.0860207471673973,3.2951935072813843,6.280550897038089
-1.2322630782401764,2.713794595060585,6.306139565231107
-0.8848376996633582,2.3039171667899803,5.773362585280905
0.0522215252897469,3.184073098661954,6.27533639212196
0.47572589209066835,3.163545214737036,6.455983197413765
-0.13724154436071961,3.1272258615783146,6.504231699457632
1.2325742762513912,3.5174063555057518,5.752377993494391
-1.956121614945226,1.7827641316004488,5.885133104681299
0.6055230860114347,3.3078998323479243,6.13655573450311
1.7479444831151858,3.8895742714194235,6.145726298777029
0.7748071505284195,3.3840221853816743,6.168234418167019
-0.3384188250835502,2.851575533923536,6.23625157017047
-0.4722071617043323,2.9703289448204186,5.968181592179982
0.00316980273296316,3.4424264164391696,6.2327018202449365
0.9344979113407665,3.6518056112049866,6.220110567244949
1.4789744401392362,3.7257944070034243,6.357671923562071
-1.093610893918073,2.3670177169208233,5.973048062966561
-0.6320968536169407,2.7386927310864206,6.010853489394791
-0.6187121745333117,3.0613389686432324,6.582733877604313
0.5374163966674259,3.165382513849818,6.210079986873534
-0.991928769541916,2.235341383296074,5.999561238263609
1.540193131416732,3.983478768002271,6.689365136962271
0.7406830868192117,3.4845540653947737,6.12062203161925
-0.148936612414372,3.054053378241151,6.041548052140592
-2.301975972784348,1.7120402511630282,5.602024775449368
0.995168768746321,3.4312971306174207,6.432172567954897
0.27151916529268466,3.122867569246522,6.1669609389978906
0.28580344791561774,3.4479908689343186,6.371211892364225
-0.19974978009764802,3.1491445011597885,5.961178970412055
0.7531888043681152,3.2857892521850034,5.843806121526885
1.1400468470426135,3.7674184504557977,6.394009579220164
0.19467886246331326,3.0745272464002595,6.416852518563189
0.6923007832406282,3.031858032838247,5.976493060393517
-0.48359854820149184,3.0399669844480117,6.334089709359996
-0.32887385244879236,3.061657907350508,6.130989562290305
-1.150609366082332,2.5621672275875875,5.967303178522209
-0.5587663114325073,2.777133320464923,6.327262819237783
-0.1551964737396824,2.63530156669275,5.7429234107533045
-0.26360631454311007,2.691257156778473,6.241725252526518
-0.5940893134645323,2.61889476964076,5.931473825890235
0.08781558860797328,2.8041607264517574,5.954002184186796
-0.21819702897380672,2.8254854291640714,6.084805292525986
-1.5285847896094944,2.4825299184602403,6.0849478902057825
-0.357858352618638,2.6342020762508005,6.15482238840361
-1.3683309869227114,2.243967867955039,6.180581866228977
-0.4670522280089468,2.6762549116728613,6.049857646732663
2.1623458212865816,4.413461868687961,6.651256071965601
-0.05096290215041059,2.4825625970511194,5.773147734069774
1.7468020419618402,4.117680736383253,6.482764947708802
-0.40419990438950304,2.7287739816096113,6.01936759469764
-0.16961516594036294,2.785851361193063,6.249776194627054
-0.640246052243019,2.594084779069716,6.036211866135441
0.6618940758926337,3.7036840459249896,6.51258311047659
0.6151537261069534,3.181661717863194,6.049678376469523
-0.7428166378087834,2.6467520568051626,6.071395475240598
-0.870850015255318,2.332794793845967,5.898441343013396
-1.5872432034040092,1.6622052116263597,5.736128643875613
-1.6729247777080019,2.098827242471319,6.090551251833088
-0.37758695652875984,2.8516515153933923,5.754891830939663
0.09557193901320629,2.9821755339974625,6.113850205510293
0.015920918687156612,2.859298375008081,6.200853062981451
-0.17007056592437483,2.8018387779549463,6.42759784646582
-1.4358814678097531,2.4831010391061983,6.040318840851096
0.0004964148719287245,2.6018263569873206,6.0843187921306034
-0.18739594876465088,2.9291099354771406,6.505443856440041
-1.1003352081125415,2.429978642513969,5.916143739669566
0.4943709155740416,3.5446045699038726,6.392564645694205
-1.3004987746570091,2.3940572415263635,6.080510357092276
0.00136726693644838,2.781447331192666,5.970360914433714
0.3929961633581815,3.3520733716905946,6.308802022663189
-0.47954628827256945,2.810466896760944,5.9160521250016185
-0.48802514764457683,2.766949171149558,5.825843763068974
-0.668463729481518,2.743470230788544,5.9654459411223275
0.5197791832144071,3.4674620069541766,6.216813099961272
0.1627481044532205,3.319323323468848,6.28306124204695
0.27393820308699945,3.1232308865870104,6.168033863368687
0.5806775662274681,3.650091554939098,6.27097452919713
2.1314624675154166,4.287241251330627,6.75521533118638
-0.20277025543925234,3.0836273720113887,6.247524647022266
-1.6212919176936964,2.3430245654050843,5.758217085558587
0.4998757136773888,3.4365156787780244,6.586572231362634
-2.246574692912668,1.7241216995699864,5.285859854392512
1.980388877531128,3.4666796411110603,6.254274661690568
0.030207735110769872,3.054137061169162,6.465321870577716
0.6122953290832935,3.403898818979185,6.495181278711223
-0.7847059026835226,2.5780672063716312,5.916159778942104
-1.5690038526507046,1.6879960893075967,5.688716046307493
1.6982562738135123,3.5988026697305457,6.572094127021138
0.562863629352229,3.2309403774778405,5.854242365748643
-1.2990151807424353,2.7957094664866404,6.040091898329968
0.3218897265180049,3.2717217426158145,6.422234828133965
0.6161963542794303,3.6613933112669144,6.6746238944347285
-0.8258535352692156,2.7076362991126066,5.899242265733594
0.7342687237554664,3.3758635549020286,6.136356442576175
1.1176027456509925,3.738221440574352,6.4154095137670435
0.8821664469834718,3.1427748129643343,6.301565289967831
0.1960347670632399,2.8227025214148487,6.010478551883793
0.9580824121927297,3.6577157209429885,6.300768506182374
-0.21846157170005862,2.6203336052624966,5.942267047392286
-0.1540021695260355,3.3793630627926228,6.404543832728351
0.3275412043691398,3.171540175267885,6.047308485937426
1.166779886370775,3.6532203833978416,6.259774237072698
-1.2508929207577928,2.151523819841142,5.828649980946893
0.6539139340762364,3.5688957783800244,6.466492600663759
0.06208952889545325,2.932172581530531,5.989729937129569
1.7567627058173592,3.696195386291592,6.51110829001432
0.13678934438040335,3.336414930590909,6.305232244404936
2.2855743676956957,4.375958935615855,6.789146073236866
0.5933989488635061,3.06938130059975,6.0843060015028785
0.7592571221589569,3.5632533067332126,6.37543527176096
-1.8742204272485392,2.1573291582601044,5.557895478951516
-0.5903457459665207,2.6160639333421014,5.907215255224441
0.44874486629050675,3.0715225210653965,5.876093966057299
0.3184686970964908,3.2526878786544824,6.110533243679009
0.37663294386014257,3.4700441208557247,5.892361434998696
0.26478316581352845,3.3387453692507454,6.164574612449397
-0.34996211184826376,2.9190353514914347,6.265231749806448
0.8005526289979882,3.2716426576545263,6.246941325811724
-1.3798624322323718,2.322850748350608,5.812232252243628
0.044629531370086684,2.884850594524701,6.291645507001808
-0.9846617516824263,2.4210478144791,5.9992331756351085
0.5481628956666001,3.3501017828861146,6.5017715916419
1.0725592404951454,3.4966295900284674,6.472323386553195
0.993608304509867,3.5224746403341882,6.570669660999868
-2.2371396471606575,1.9101771083213088,6.0183986032109384
0.034658583284031784,3.2366881157482963,6.142429091536978
0.6260027971297873,3.4000389848798758,6.271727259141253
-1.0885582086582066,2.1687688196297312,5.741081698251552
0.6231433261732111,3.0769722741929053,6.227658892438875
1.043167212783021,3.4604769932167385,6.300225949252665
-1.0339576725813517,2.2525637693476237,6.063375870751327
1.0419979960230532,3.3096283089007725,5.732534162016066
-0.31450770324303284,2.8944183033561024,6.136671644774783
-0.39187615693082245,2.8651951336008725,5.603101228709503
-0.15640713444749807,2.539270720382806,6.020007252203265
-1.7003286002292908,2.1709593944844867,5.843471634815212
0.0011659782084151216,2.8991598448189206,5.978409025581878
0.2098064828237727,3.1095461110721505,6.164876000189682
-1.858602381843474,1.7004030239734953,5.346130387289942
0.5639180654541088,3.141509246835185,6.220653444384476
-1.1623838562468864,2.2483404256795,5.3989886380536465
0.23002758262932393,3.0175797710720516,6.0982409272253575
-1.2265502373802464,2.5160381961413565,6.062660998544675
1.1494253660875067,3.7696936458433337,6.40970471620387
-1.1338679062569996,2.3497718546587834,5.771944563810073
1.4699871900656367,3.693285295885761,6.4918292762189065
1.2062845802409154,3.6347174466461625,6.657597098127819
-0.19773951434470383,2.782175375405891,6.100492472897539
0.09851133476888013,3.008173098777156,6.195197854060947
1.215188633398493,3.4815146847479124,6.524861262577278
1.101069566813338,3.760946446811021,6.3980535723610945
0.13815638886162604,2.9101179084281643,6.224675965374894
-0.13824424545474318,2.9893696387845163,6.060397817049554
0.9003034354960555,3.6400277830921697,6.172084664499863
-0.5166336811355513,2.374479441459704,5.878469698448565
-1.6603089649125162,2.0314317814550327,5.951473120445149
0.9239725521427337,3.587390960825428,6.503265091281617
0.1392008234223595,3.157035128160966,5.740040955970759
0.9959189458617561,3.471650635638862,6.302036030325151
-0.8625960278888201,2.3589655471464646,5.835749652168551
0.6773736789504801,3.1109523905684084,6.495246528089583
2.9249565737660825,4.839499833648007,6.770689528836723
-0.6894911127157503,2.52265075376469,6.286465795083492
-0.5247690327832099,3.00741772964134,5.860878349334323
-0.36341978969207767,2.898824288079454,6.678781710952065
-1.681462067300825,2.311645687990481,5.701244248913125
-0.8019421077987806,2.377297265654295,5.773347090366741
-1.345046104708517,2.3018619017037434,5.647582547208176
0.008480555170817722,3.0184357736487275,5.923147035837111
-0.7715529683996897,2.4712799028651244,6.017663512773038
-0.37414388882629784,2.5205421255816765,5.734730062630132
1.3154483026738406,3.6027639107412073,6.293024302369931
-0.7409381958057885,2.7724160153959536,5.9725569741343145
-1.3724787250963157,2.508781189993007,5.747535520685747
1.9196414719196462,3.82024967307309,6.623320794929036
0.024701651190237508,2.835360755328885,6.235591939668558
-2.17371149229219,1.9333953017212808,5.682720407047962
-0.6699170476838512,2.590390899171686,5.928534827528015
-1.0448981671173594,2.3752194998577223,5.96660884039602
-0.42609254672949654,2.7632595718075654,5.960493880525692
-1.5367612921229017,2.2126848490653255,6.194148342512021
0.15866237859733562,3.078518497943205,6.422750546995685
0.9135055003268509,3.261452272554444,6.303929691406906
0.49710988029229397,3.4036647757369867,6.601831487749141
0.18006682037181618,3.169660690397963,6.2256168708216295
0.8392034791393875,3.2349953517619374,6.198823144030816
1.2400235741176884,3.460415377310735,6.277780642744603
1.2075659788553867,3.6585732399648387,5.929910397814259
0.5386256821973323,3.2612306966297986,6.389485054989453
0.6913849509506527,3.139207566237505,6.105273152625284
0.19420058975108767,2.873115800136373,5.945775329635013
1.3453119761221386,3.52313451054174,6.905273115853517
-0.5929921952269621,2.70372571345121,5.664796717651324
0.40425541813725024,3.498621464566579,6.478952939716965
0.45842811917728915,3.1638481929797906,6.318947051320243
-0.982405414745446,2.5450399021248447,5.919014262472757
-1.3029159467105622,2.4931505719229707,5.8872968052477415
-0.40542380415418955,2.965595272329512,6.317939238570802
0.09216377058497473,3.2027223015836324,5.919879160548036
-0.5926546251112922,2.8000700770214735,6.010123458699904
1.3272957436667432,3.6324405707249876,6.410611943448448
0.12520184298987122,2.9751323701400154,5.928971866231581
-0.3604742645831684,2.5914711839572293,5.804186768128502
1.171829069168867,3.316675583581738,6.236669071399254
-1.7580376477094988,1.9314606739103723,5.716153456053566
1.1630347718002105,3.68309232685979,5.8766062451425105
-0.7319734928631152,2.7214693145482145,6.274083538708844
-1.7415102611257918,2.3087110563276108,6.042413550658498
0.043147652677628504,2.9699447202405955,5.804853050685549
-1.1920349210103027,2.5628010860770427,5.783504600405081
1.4531595419909018,3.6043800341240146,6.208914977927807
0.32422980787503924,3.577040826089619,6.350135190746716
0.627720938244227,3.1531704618178904,6.17711663285343
-1.0023997920734256,2.365010213018744,5.699818856760336
-1.1834834302406585,2.5221932391570743,5.909934332024826
1.8379450692565313,3.8500693499503305,6.227751002289012
-0.5692843312323953,2.9482876514331644,6.310281040161262
0.8680164287228237,3.246463705217968,5.941128256486917
0.20424742032840165,3.153956790005739,6.098085123779576
-0.7117108256214014,2.260911776906628,5.813954236321302
0.09116379914285037,3.1024221466702158,6.113421242073147
0.6414492663661614,3.403447481957445,6.2109094984944795
-1.7420225770026052,2.177598415324873,5.533651847742128
0.8026725782910782,3.555070866101517,6.554149717731736
1.3533773315845252,4.033945991905804,6.3750461191068855
-0.08608999027324575,2.95338865146709,5.958313167469468
-2.1149186255102674,1.9046995462328749,5.780784843447104
-1.0391259220404887,2.560517774100636,5.968055524348827
0.5968659870643216,3.2441396892569805,5.980463228124984
1.1779798175717935,3.0447062496440704,6.136654618235879
-1.639079492267494,2.2791352015049178,5.925107083935267
-1.2146674391734218,2.3074294905586537,6.038477174426722
-0.29472278168085886,2.7811130749770436,5.9215991563819586
-1.3740785902565977,2.0769743821502953,5.625455718465804
-0.3202000798153897,2.98147008035685,5.815041955911669
0.25594605133810744,2.8133333030187146,6.165013339078868
0.40243765242069235,3.723459335362923,6.315838480637387
1.4927637806430052,3.7212341892390413,6.657463665836646
-0.7823369123251767,2.6877655460399987,6.161566255633926
-0.6618190165064834,2.5656936943329454,6.218180560654078
0.024698696216125932,3.146078023946251,6.101589880005653
0.32143857030075496,3.2808583852935485,6.095930153528089
0.3380185954570735,3.252351818140452,6.224619846400984
0.7398268896385771,3.4753288232584154,6.285941359969497
0.672466915099849,3.3161807694285743,6.17894231105005
-0.8951127969402202,2.5197261834832374,5.827104830764758
0.09788406130209275,3.213144369104812,6.001648592267481
0.9116697708456901,3.335555947987354,6.037179815599549
0.8298223283659399,3.051998274037884,6.247474503704697
-0.2927248707641567,2.7805284144200253,6.270921822983453
-0.02441605641855913,2.995470719472508,6.1630059845259675
-1.9781830605695299,2.078182414402637,5.625006841222791
0.02896960541946233,3.273025659025876,6.033787104761688
0.5016815000597702,3.0191375156354576,6.225687221551151
-1.7618449456563787,2.15447717254042,5.878204834406785
1.2076934447366263,3.5497783946147825,6.054627878291862
0.25279549201531615,3.201814742543947,6.296852604185414
-0.3016883721190251,2.9880926857244496,6.006705196785628
-0.6260501417697016,2.561601594803483,5.928613192153843
1.2670902413370786,3.5788062025281104,6.171496661532983
0.4875296420231035,3.3982002087584955,6.368167502840772
-0.9059138305761266,2.1535353200147442,5.883261995456097
0.5230867712351145,3.3819352055991554,6.409840310821541
1.0289565786284152,3.682452858323278,6.441711593057585
-0.5061714901259958,2.567909279444728,6.193640765806946
-1.199188798449784,2.672283728998324,6.054126711170948
-1.3504019116213826,2.0594443294799447,5.655339021349987
-0.2676710224204165,3.1744386012675876,5.974609524807345
0.4801154644783293,3.2205019709231504,6.436670847412141
1.2716869875799226,3.783682432453652,6.069500748668297
0.6064115601642869,3.147435833191654,6.2483071084868325
-1.1775706286277927,2.503169233908123,5.8766091949817705
0.12772657984622143,2.869516527382222,6.673218853434263
-0.15981014994656897,2.7962753941910825,6.312793804941466
0.14444272285310064,2.8017429156221296,6.017745194507091
-0.35411691899098224,2.9025817152348705,6.084021620637597
0.3686779954938907,3.0616626453589277,5.910620724248168
0.8243056678659428,3.270499912901012,6.750346796842779
-1.7919363180403771,1.818498628972399,5.598761659598032
1.3395561653261192,3.480637103031852,6.517068923498873
0.6158801734163885,3.7046894936709025,6.3686563272440635
0.2669244078330648,3.138527985758983,6.255317710812998
0.028941885088016473,3.0883294720868526,6.042512549948297
-0.7166764011058306,2.328008601935666,6.000265031198684
1.4586682583685133,3.6641717311415065,6.645060800399664
-0.7567799177213944,2.494923666652458,5.8067493905013166
0.02106910190410231,3.072455806864397,6.376465698257624
-0.828228819256643,2.764475300751196,5.920086055021941
-0.771932662651688,2.3629965388350125,5.868376281569025
0.025913885962666056,3.2663999505258543,6.069718092287579
1.0310212845985756,3.585380149574077,6.602110488289615
-0.3493584709563419,2.4532820189133067,5.931018304579906
-0.8058168581368801,2.553308614866501,6.151107088966823
0.5899978662609906,3.4645924398564283,6.443502732626113
-0.5011663753079958,2.648853500517975,5.938072253463129
-0.2325910017608771,2.712580045562527,5.879305612029716
-1.3660212202413056,2.5926489863322666,5.986712176404071
-0.14643966691689728,3.0740102436765313,6.261835940125709
0.7689668851314564,3.633701934042366,6.268369539538833
0.45973596349212087,3.8767103024709293,6.089661108700536
-0.09106568243579165,2.7615420170263203,6.0108443652356
-1.0475092852183523,2.729087718060987,6.087210454335099
2.26476011817752,4.23641780900177,6.61578860579355
0.2334825997726392,2.693094176621475,6.187159607121593
1.399849597102282,3.6212201868844605,6.356111139908467
-0.6318503720128411,2.9136184470774853,6.033320541382913
-0.5421105427751682,2.626533571533522,5.588900026064956
-1.465378533368575,2.061279854815864,5.6051441367562065
-0.5215665955214034,2.9534318246632476,5.918351088518914
-0.1837950923302589,2.887899469833172,6.188011334486723
-0.5926713417747972,2.832809193477042,6.505942962212748
0.23949929785252347,3.169082545236737,5.931227103124699
-0.07793726204620781,2.780872859200644,5.843804320087687
-0.832338307429936,2.9707353870013296,5.969745568594237
-0.8960947840314776,2.537076414191659,5.991603673471811
1.0780460301613823,3.4649630403389686,6.20503666475567
-1.100271915891899,2.232842078578571,5.57600686973338
-1.7703070791250763,2.142532395509682,5.657748867166051
-2.042015262610484,1.9315507123355358,6.097943101619241
1.0204126074535662,3.5510370763243246,6.477302322772161
0.04430281113270287,2.814826493719437,6.044526549655423
-0.51943175326487,2.4156279417641864,5.630299519332383
-0.015444079793129794,3.032804939443185,6.187895190973443
-0.11471939809387535,3.0941613017632363,6.155926624243944
0.6539983101771454,3.316402969942126,6.331849566472207
0.34525339250876697,3.1715576278135633,6.221210265577779
-0.4844670049849473,3.266931973117606,6.395268069802294
0.799306096827072,3.678516276520676,6.225241546181795
-0.5142945616532106,2.9956287946670965,6.179117880685486
-0.9413835328345801,2.4543273891091877,5.581390761986557
0.3705547716696033,3.0200585439850824,6.3051136302272335
1.6132892711991462,3.853515234081043,6.449125561587956
0.034931137612209846,3.2178272666469243,6.221138029238618
-0.6249048624831418,2.5312641454886133,5.627327084961543
0.04441337019641792,2.978349835261974,5.79493111152424
1.2444612189038489,3.6601090733065544,6.310868634144821
1.3382357537531555,3.671070926251815,6.5230868576981225
-0.332683182949982,2.936316052298815,5.766523857668086
-1.0724836618535023,2.4697321008162034,6.086018099632149
0.9325217682276282,3.4793790357062178,6.204051990853335
-0.39938857938065553,2.6771802704956666,5.8888914775224155
-1.2533446800649664,2.690471916073833,5.8980613686567835
-1.8083472578506679,2.1331170876732592,5.815101054995255
-1.2207778032726142,2.4621675040160094,5.80156725629978
-0.6983640741478621,2.56441084316423,5.663012343830553
0.8059881311435206,3.325133232690806,6.221270136298767
0.3947862493619262,3.157806729519427,5.980102224482059
-2.2214505356219174,1.8853740058306427,5.787119122128769
-0.6412001608196878,3.0242184446484055,6.033802336345973
0.10121661375870107,3.2242547191574555,6.5776353645768255
0.020167122119264413,2.9808161715478683,6.007162121588026
-0.29911110687381953,2.866842063458124,6.029994928944774
-0.8726173789168532,2.910600587537937,6.009655285907158
-0.6681646102140236,2.6878598983060544,5.833007784046429
0.68947895989181,3.2750575905120423,6.0155380500552855
0.8443781112918002,3.6321863027379964,6.392304272604731
-1.5205423530122595,2.1247492419005054,5.794324557974244
0.50100116710491,3.0082047734151165,6.0963744488365155
-0.5361749804574512,2.8043885259535344,6.135629687890141
-1.197676046636537,2.306689353072869,5.959326981143654
-1.5823536503120377,2.580698641119434,6.3651650587275626
-1.1387491763085253,2.4814214962462797,5.727605171014813
0.36729172013148104,3.1439411664020747,6.120835350063359
0.07744924862253119,3.270878293351456,6.593716778930905
1.4481225482506987,3.6884366757277722,5.979179498593954
0.36404927284108574,3.2132559917299757,5.708418665207909
-0.833194630125092,2.5350105442210067,5.854682304075012
0.8246246308995533,3.1463250282905832,5.929078426742166
-0.2970670242139106,2.954600886184164,5.98854680283424
-0.236455233708048,2.833924912486183,5.833753317106757
-0.32316375440062906,2.8875959150001003,5.945737337788204
0.7507714048649409,3.3219709472242096,6.467240601578598
-0.0589836615770917,3.0840549627095535,6.281346791352008
-1.8916773503145918,1.8770672126792736,6.021482950049649
-0.6637000497483364,2.988363584131244,6.556453444644021
0.9988365232529071,3.8451824881847507,6.115745553416269
-0.7963955839182112,2.843468632888036,5.952911680764218
-0.7556289819085117,2.401529958753907,5.867309114041285
0.6999660376874877,3.6251592126686916,6.126821327817369
-1.3510687680173907,2.2052603488659575,5.708883963934485
-0.07828637267231975,2.9722189524829488,6.082607422307421
-1.8228919337527945,1.6782731583946817,5.774949116971418
-0.3813341432969751,2.8473403440920695,5.967934253815708
-1.4321586162554985,2.521411595142718,5.913899003323815
-1.5441402525718413,2.1972642703921967,5.821358103632346
-0.4418810438992849,2.768829669486806,6.124878789332415
1.1698933687383937,3.9481599421946107,6.789986791368675
0.02671338176709877,2.8771957454103254,6.382971144267
-0.8299844911606428,2.4586182709696116,5.902979545118167
1.725054774773688,3.9174096736552357,6.42523623751383
-0.8402738218941734,2.357366918686995,5.69453733294346
-1.343949775980897,2.2849426730235174,5.917989609827265
-0.32784071361432404,2.4585766108219005,6.128957148419276
0.32808821036250135,3.319116883028012,6.446153559766009
-0.23554461756724038,2.8875644603793593,6.288126946037635
-0.6031203742664653,2.691523800997057,5.810108101815095
0.004658435206706752,3.01656460404396,6.018688562711331
0.9432016523763682,3.3193602558777835,6.380860414384034
0.846389387604424,3.7626083838825237,6.153014202380605
0.38205791014074814,3.255548348642733,6.234010874565549
1.5005321117864217,3.645481468818058,6.548276454764764
-0.9180776257283025,2.566283943081668,6.05307571448389
1.1503327136915622,3.6590999683279586,6.654549864810786
1.2546122996173283,3.5635531762856183,6.64194401060689
0.31958957931227555,2.7437423634345253,5.925420089600606
0.016900448487188403,2.788517444148684,6.173831201510742
0.05088869115499129,2.9579351396024363,6.178417928078838
-0.7508280721341831,2.6446401077093498,6.0840776783277395
-0.9956080020063053,2.4801658590382027,5.741098233436142
-2.273433706812,1.8342199533128096,5.728162774737978
-0.0842590721492457,2.952072812345266,6.154543258140409
-0.28293451832101735,2.69107986756325,5.539956590262266
1.3949829400447114,3.9388590336846545,6.61592161555877
-0.9105224179512027,2.5095720020659193,6.075824027459338
0.5976358153386937,3.289547021131746,6.249346922400158
-1.1912029370146942,1.9862298713222162,5.340839014890494
-0.6185583900840068,2.295142697464882,5.605289349777809
0.05796110424874246,2.995199763479082,5.917904506391554
0.16458431853856428,3.2138940802287452,6.0837019417819524
0.5347758776495459,3.3448183867398913,6.184875375337241
0.591994953254738,3.5118305782789068,6.180680149998378
1.480073177647194,3.5586966082930065,6.441086335555777
2.7923788406360304,4.373748506916092,6.814478478099225
0.4562419088622301,3.356374214566594,5.979260146350812
0.8035858924846151,3.2581145299072753,5.845921320809862
-0.9192151780888611,2.65450097661258,6.138639329448788
1.869241178110465,3.971927011823225,6.200778918321747
0.6579945615866991,3.306886465145739,6.251832102560022
-1.6110946552104906,2.202230917082262,6.055283298933702
-0.9915482584767602,2.383190205708639,5.928301511703435
-0.24953932152653271,2.8687324412442146,6.300861890845355
-0.5732042553362497,2.442180913175457,6.162972561413183
1.0245154021632308,3.7216233436318853,6.261368181117678
-1.1208188071111551,2.4491944277885684,6.121970396610682
-0.6046345064552833,2.7910970837753464,5.866152603572958
-0.06970859876856053,2.914909589627708,6.174888717970924
0.16274337755225163,3.2507512092654793,6.710042755138309
0.3303093336865584,3.4766123202499832,6.3517174550436595
-0.952092211102398,2.4884467437359294,5.902410165524314
-1.0123799310795782,2.750838958522694,6.275753434302038
-0.31480818872271865,3.2136128928647594,6.613313425530813
-0.23583392139828366,3.0229962485396906,6.465421379050361
-1.3810083539438631,2.5744727555621143,5.827369679448872
-0.16288365556669235,3.222540192917199,5.911493536760074
-0.21671050477689088,2.710690603021594,6.087239612712076
0.5382577459013241,3.248087276294506,6.007180303021168
-0.5389883767826255,2.7188665819503472,6.170314149725706
1.4758946246118145,3.5726073204643454,6.336230977983932
0.34196609169843056,3.1321712628256644,6.187254390848306
1.1724397196419525,4.0938220024280705,6.659787788844437
-0.38521694200522055,2.5537194224768056,5.886347916081158
0.26184084211164194,3.231934643419521,6.034751045385235
0.9048475346006248,3.513315579994827,6.122885406106767
-0.573961148401389,2.8505548496114375,6.05955946376572
-0.5620677517732038,2.7525137419967125,6.007893927523829
-0.589421481109892,2.8318714949288712,6.187294617769448
-0.4981660062793378,2.812244427739809,5.890703823199306
0.18576938791211675,3.0563164516921475,6.41893731722671
-0.07208420992912574,3.0736167586025673,6.399011608355425
0.5888385430729355,3.229185604367229,5.962520496242682
-0.3931217072350081,2.6121781407604914,6.076549340495414
-0.47658958508646615,2.548697426035953,5.846051957353171
-1.8764198536861618,1.7614906521951235,5.737851678828251
1.2035004771885978,3.5607793396248715,6.2481458370035075
-0.5117986645540497,2.5972248026612936,5.9031765633901525
1.5888670165769745,3.6418784582051784,6.572273832813162
0.8666230463929148,3.2965375261314747,5.9697749322454285
2.072438577513489,3.8321249383236706,6.520999347920691
-0.53919007917917,2.3818260992312683,5.736577317029356
-1.3634657783260087,2.498950661867587,6.03137611670607
-1.4535432282058842,2.2705137074426824,5.711350868433889
-1.1608958755954286,2.4294716306062254,5.972553873353734
1.3282860524968918,3.987745109971325,6.369584763178314
1.6948128069102555,3.800809657674558,6.201779298741366
-0.17556288603571069,3.266959247643895,5.90022227164615
-0.23049521292294906,2.899018407547464,6.266554110137079
-0.1861603817263887,2.9686444637665654,5.997150874590868
0.5202751288961239,3.3168292000486286,6.463702555755599
0.28400477658472933,2.966877750345229,5.814596418734359
-1.03254239690364,2.316016518969231,6.019317334012674
0.9578255640170255,3.3001333132749466,6.341342107217708
0.911399876013101,3.25524433247798,6.302113815258091
0.3251994142907944,3.316212648564756,6.2534082158828035
1.2502017979346234,3.7112963045992102,6.657673279292982
-0.31108657016397767,2.82570865734336,6.292695915213297
0.08658945545840123,3.1161280304877903,6.140309414246336
0.15512687644973963,3.4076915308456845,6.474922993127881
1.3183048493884402,3.4039734166276636,6.392947631564384
0.43269090326901494,3.225160575849336,6.221888306647628
-0.06489013507330717,2.8651882596511498,5.954079129412721
0.16759229906139364,3.137693947501227,6.044149611030688
0.3917221088643746,3.189879284825724,5.8953435280654505
0.09465597758844471,3.011167533170003,5.962815175426361
-0.5173787918468988,2.739110076172513,5.929411665922049
2.0645874365773,4.202511134871669,6.065744023690811
0.9469228947154428,3.7716712243392716,6.375954824384103
-0.8715207087936035,2.5946535136301656,5.875157897876584
-1.2928946221156692,2.023771918659558,5.79095145369668
0.007128716887798922,3.0319421674678435,6.026049444835376
1.088035278858266,3.8118042153773573,6.338395894936176
-0.6008624386746766,2.8935841296827807,5.745707614472734
-0.2672290077918235,2.7609569777763987,5.975079620410019
-0.27616608694591593,3.151109479896224,6.186337760166011
0.9750705990829034,3.6703355841879315,6.332157221573691
0.3256058608753326,3.0481087227987023,6.556622438783291
0.2538467931774783,3.468506612656885,6.576729630331906
-0.2811295546055881,2.8413537459998484,5.726048872290765
0.5301908471088784,3.1040182150940674,6.080859135993125
0.21993650368827303,3.0429826516110445,5.947393820419637
0.7377916842336967,3.604474894086707,6.197189410673371
0.16692015174915895,3.0743741697863833,6.038492048988346
0.8243531044179787,3.2992286235335126,6.346778314709979
1.3515537735310243,3.614601594994536,6.4622088915307465
-0.9478230830750419,2.744494584096675,5.866995170891565
-0.3171732246261044,2.601898156418124,5.969134619185961
-3.083314588476655,1.5525331394167523,5.639840542339792
-0.849713452593573,2.408820072709643,5.942690187254882
0.4015738503655219,3.0613176910535262,6.43653146931822
0.8892660660256825,3.5588440393181835,6.0014326367409065
0.7565034132492107,3.062462131481272,6.135728033797541
0.0802781158641452,2.9386685125662915,5.91399704547947
0.1355336536564297,3.3920894454342467,6.2891430673646
-1.3468790648112527,2.386522894523043,5.949137455489257
2.0349281558758685,4.06561373125222,6.740631854211238
-0.8917641201892837,2.957090634179637,6.065084576720194
0.13048597546326138,3.1484979216904962,6.5611901769330405
0.9393053844075059,3.6202155719238798,6.262968883428765
-0.2997378129465172,2.8979276149867177,6.124843354723546
0.007693186738294037,2.9640438149148975,6.274078713767287
-1.251342657788441,2.3603124203543175,5.731414133603464
0.5633578875209083,3.3560569589374705,6.369742835563301
0.2696840884344033,2.7935422637249214,6.0590945222633605
1.8515517737010794,4.018404237847793,6.707837671309345
0.07378748984586171,2.8242286630152265,6.0224444147988505
0.24407570318822597,3.0418080371428626,5.842749359414137
0.48067351567330663,3.220170236574377,6.0964808044442265
-0.25178820001582336,2.5413223168708177,6.0853695748748295
-0.12302955044121051,2.934962529856403,6.216193954175973
-0.2842962425232779,2.8351132424894407,6.162910787922171
0.6028335008556589,2.7983876152965603,5.984432091919347
0.9168113681134358,3.348900027669311,6.083783323598379
-0.5956176491468315,2.5805400678411665,6.3705652076611425
0.9632488272911249,3.5493688624204576,6.399712628803703
1.2830848871210396,3.7315661736073014,6.5652139267629055
-0.5143929396354572,2.5399309926936233,6.251449446136313
0.32805644395590533,3.4830264416457526,6.151811514361935
0.09258417571351446,3.031213684571227,6.242650315594384
0.8106350650186459,3.3053554889021557,5.954422783287902
1.6437954348928288,3.8372006186590673,6.932946576059846
0.7242782277200962,2.9563722535104793,5.933440079170887
-0.36444162602639923,2.80235861176139,6.201846456641963
2.0952595066719075,3.952446600479869,6.5080336403771915
0.5248467560466007,3.4458736195868167,6.305368905527868
-1.683526498267003,2.1234137574959533,5.753115663304754
-1.0664961818589447,2.6070865631802826,5.985007785931955
-0.1397276448912082,3.0684870158118955,6.238083401130966
0.8496067698574137,3.4754127707219125,6.2085357332854745
-0.4947295722280066,2.7199504437575035,5.822575716889486
-0.20803464448722644,2.6273962109726154,5.838562295526349
0.4932572184132017,3.60221371695693,6.234675230827042
-0.07092079702265969,2.880886614608481,6.0515895204668695
1.9502542151706448,3.9671352861711457,6.764132556345689
-0.7837166544938967,2.606895417314951,6.11094562162337
0.06314501123080715,3.133176621191413,6.332082447303291
0.4752036180746596,3.126779895138691,6.2955681877072465
0.03708839221663656,3.023668533958635,6.372485277459109
-0.6777454897005909,2.4506345947670916,5.9665198038123
-0.7715665742110533,2.715891660490411,5.842014499256225
0.4684368246730185,3.0143208624897824,6.361253277972162
-0.01870847452418073,2.8717335670627375,6.067141533054174
1.1676491685336357,3.6668149722413195,6.3312602497082375
-0.01713957323839927,3.1605534994527043,5.981848857682087
0.3461445997976162,2.861808530410487,5.988523169478512
0.42959175212558204,3.130421273962262,6.517249827768678
0.169626434533507,3.2669481332815256,5.651778772240612
1.287349864970377,3.4364773421670165,6.312027663701565
0.04345401474648072,2.752512712485437,6.175702225694883
1.3671378307303776,3.7063305571801566,6.104181420785716
-0.7887800801240713,2.5885725295109085,5.858003978583469
-0.06211015835731372,3.049375142909751,6.3438991923412855
1.3755700197331688,3.2007159037411244,6.074323703245454
-0.2884010381604965,2.635060446620326,5.930372481777429
-0.2051712481896955,3.22465950859541,6.566334166808842
-0.3927751483010197,2.850655152422867,6.075852356399852
-0.181276956067157,2.7576177825531722,5.901650121829791
0.36114743962861207,3.2368205797296983,6.129033469841573
0.8370363271697719,3.653087958776798,6.198730271289275
0.8358437737705459,3.2483229148462867,6.3183900388582215
1.0595550242413894,3.4750515925912375,5.849553951222127
0.3398136355181488,2.8064689080375125,6.075060145106553
-0.32945711450499837,2.987858672906531,6.0332123599357015
0.43988351601776826,3.159684914713509,6.086643759527794
0.7765814633404585,3.5055970689049882,6.383765693532144
-0.5462046863255068,2.466846009845867,6.197538860981731
-0.29703391058128137,2.8398648641573803,6.110101283158895
-1.0529022147511942,2.3786194304169626,5.808585833796498
1.817445535695481,3.9942292660067804,6.229087201760135
-0.2961761537743671,2.8752814990766193,5.991146614196304
-1.116412269651883,2.0630712296262965,5.640714067718661
-0.8904835951627367,2.492173776836331,6.296641267912989
-2.29651634699858,1.9391261328443872,5.930274792304916
-0.5232465616220193,2.6899997146163908,6.125981428390333
-0.4074435641629708,2.941758075534133,5.973205538151311
-0.7632871469869925,2.795969163411117,6.123573185890388
-1.3464013998682052,2.097055832572152,5.833401849253275
-3.4192095417519837,0.7346886220379343,5.204211116012803
-1.2930251000267268,2.253304154238287,5.727766055343529
-0.32275729501515843,3.284453895931039,6.254969024020174
-0.3545129607022144,3.0834825496974685,5.844092484604797
-0.7649543745711616,2.7128971034182507,6.0982090367547785
-0.46754566874564907,2.78110066519065,6.384708814632117
1.4490624574561013,3.781021756606093,6.400641913502236
-0.9776037474491323,2.7285363331110206,5.83243027733808
-0.7160926888667684,2.3406494127961164,5.996988899970821
-0.2642758354160156,2.9061286859434787,5.942448824670848
-0.6392487235181924,2.8295183356966453,5.759666568393617
0.9504580607548718,3.7130493909050917,6.604156026108998
0.21522617691237997,2.7724321646715886,6.030556617382123
-0.30282501122966665,2.867047075119201,5.929729265041632
-0.2811190189097777,2.982911561044742,5.799204166561053
-1.8237608782722943,2.2257412654897606,5.840532318715597
0.9822368679771889,3.6867944210405033,6.276417591840342
-0.24468256396059634,2.6006736297416775,6.06778717886319
1.0387421554418694,3.5508807975156524,6.10051846381023
0.05196718487791094,3.1520909145143543,5.857762268660028
-0.1522613973461983,2.812449882990881,5.937151209881852
-0.9226354865405902,2.658615392166304,6.277433795794664
0.25423320167061064,3.073901752491596,6.010837870886133
1.2631577326010595,3.5514218752356412,6.2817561995797675
-0.7090565528063686,2.587569542376701,5.91122025400424
1.1783809814792225,3.874110003751331,6.59789941986138
2.4410313205777125,4.187026010764834,6.2040757546330285
-0.19442398005582553,3.069341236403228,6.160754454932324
-0.07365487953628555,2.7300147778902213,5.704680352593421
-1.42080716505279,2.4958147618275417,5.886090766403162
1.0381024535062073,3.00555729600068,6.4611061471870554
0.05429056199028666,3.1156311596430344,6.218080786772688
0.924390270234683,3.6343650362261064,6.291763614464206
-0.37858376731591203,2.819690157736175,5.905891034293906
-0.8626640195829991,2.534678238781486,6.168035512981876
-0.5603264148840595,2.4661592910190846,5.865909222277229
-1.5071003030767718,1.9009041972462386,5.799748672446122
0.30526634285979604,3.3476497076014526,6.107968399244842
0.6016416585337587,3.6254392986104382,6.352108421106248
-0.28510987681652555,2.833226397497177,6.095568806300418
-1.4837289084904968,2.356236819876338,5.9349413823741735
-1.4991153737877387,2.236744586050963,5.906393060529972
0.07230821059846347,2.979688705613669,6.160517394997302
-1.0225265329391084,2.3184394431352424,5.749392597636247
0.4048035436599932,3.325190686386463,6.33256228066686
0.6817006985400348,3.2893568400418447,6.111634927495111
0.13785933225845423,3.186931117035038,6.1096820831864065
-2.238775308780813,1.4801200908348129,5.308397172157495
0.6070826368024558,2.9821269003393893,5.9969999082680525
-1.787075646792068,2.195758684287044,5.982940925688665
-0.506400206580947,2.970187127794643,6.011520129655807
-1.9899701204337659,1.5235142628214937,5.661461197470531
-0.9695295562906682,2.4507912998989236,6.077925665101097
-0.5193761658085592,2.7659999428205992,6.0548969076707895
-0.6506750071479221,2.51945184841521,5.625635351405145
1.0824566992623326,3.7729648481634905,6.433245613528784
0.4718505135575647,3.5956270109028137,6.195848247617011
-0.7518475672527187,2.7659640836131376,5.9555808081777695
-0.7019650588353792,2.336104586257072,5.919028576766019
-0.004137520017113856,3.0187249727572554,6.584234588104503
0.6795455565394425,3.101035160574974,5.619833260485402
-0.48243456232582904,2.8812242995800332,6.5061590658502455
-1.0561363479999983,2.538104794968733,5.63987797696759
0.8184606971937798,3.2098586823077806,6.039642133816327
0.1758867993762845,3.5577639378764947,6.4961262811293965
-2.1872800982311538,1.778266574132323,5.348491555069096
-0.40668824778169776,2.8482488389581895,6.187354737268312
1.016165514431633,3.6111038753241655,6.190207367849973
0.2124909533854739,3.2965843198889404,6.418558524497416
-0.4944575848261711,2.8591653275291966,5.962704736078086
-0.14860425486091838,2.9241777954560835,6.128014851562342
-0.5726063718823283,2.9349397291660235,5.82361182668457
0.30425845612108693,2.872326238350079,6.2055607236280785
-1.431861395464721,2.1720710321877266,5.963223350815423
0.7118320925555893,3.0081823694020855,6.264592017033475
0.29385171915175196,3.1473674707107797,6.3486072542495835
1.374128834617758,3.77936100883681,6.532625360849642
-0.40685843978522546,2.8590384019974087,6.146490225410455
0.3526180227782751,3.2060529955021546,6.675459576521144
-0.1840529465063889,3.058813161304357,6.132318715198108
1.0792562120133877,3.2368160108250095,6.319502546590355
-1.0040389238396137,2.3100929447949534,5.616944674095607
1.1436432786838377,3.3446352901962966,6.430278537008127
-0.6050799458926908,2.7656269733457415,6.333514217777077
-1.2255477312556529,2.244029514505812,5.715568896242286
-0.49434986389697927,2.9201215789893573,6.208254114939932
-1.5692045644529153,2.6528298216306885,5.580051442402307
1.854034917047998,3.7550035854170245,6.412395735944715
-0.841836113891817,2.739379588122329,6.2522888839956
0.2455998164351544,3.1139827046483837,6.238294798291687
-0.37063998030942813,2.9618807187170253,5.988726760306309
-0.8350284874327667,2.7702068537011924,5.705698114179881
0.23054233890488238,3.228934203583719,6.299955846751884
2.1573904528571597,4.225176471369702,6.507950758474394
0.16293576956221656,3.230342836326312,6.082362199269139
0.3588361374336441,2.9694699580443236,6.216102432416126
0.4917405887341997,3.3207659388830195,6.626032326357571
-0.14809594325681663,3.1487242537823743,6.118623467101903
-0.511278372722693,2.7595288381017995,6.017154609552103
0.3297962606744381,3.319477153002056,6.540019753764333
-1.529739836448461,2.0788736785379416,6.096455112077966
0.6664493086817255,3.003205137171581,5.919740457960443
-0.38897059862881284,2.963067414027943,5.759256260283175
-0.3323894120862706,2.9446452321403105,6.080524301620163
-0.18597179729254312,3.221927973618888,6.323462023959186
1.2595676775063338,3.7171966362134583,6.284288212394142
0.677358365275634,3.4614199374655654,6.522243776833817
-0.6351406399729529,2.5956525603708855,6.410510031407308
-1.1215126891930347,2.4420574792700904,5.945763924080737
-1.330777157315699,2.384328901966183,5.947014699192694
0.18562268602473925,2.804520081169989,6.138518432581657
1.7515633139020477,4.079700798285251,6.488733318595547
-1.343305915168577,2.3813113242129433,6.144656370661381
-1.163467287787049,2.28495328573106,5.828779927855666
0.7734785264767601,3.5939781086065516,6.503566317035233
0.45516263703559245,3.523327833658947,6.556810050670576
0.09091765816723973,3.3420460211001575,6.032378148202914
0.905270674808192,3.5825824004400344,6.552661536286255
0.03908950070226058,3.185275305505875,6.293569191649444
-0.20234146029183986,2.6012368744746115,5.9443219425089895
0.6636138968389035,3.0354298238537982,6.03457889142902
-1.5595291827607614,2.306057433653918,5.798387626230816
-0.6659984233506213,2.8957242949912363,6.05228397158658
-1.8488630546331377,2.3752811158831726,6.277693122544951
-0.2453890680665059,3.0094705601383556,5.937750877120716
-0.9375186979874284,2.5168215751166625,5.909214032688029
-0.2506703513050732,2.878938247434963,6.006253520846674
-2.2689391809980437,2.097423686230202,5.917306040036381
-0.21195336096475303,2.9636859450459236,6.1497627665984
0.7071941900545046,3.335290325540047,5.936931802139989
-0.3499600005412742,3.038008148855636,6.183232810298161
-0.8441595460992077,2.6520885336793922,6.021612878084809
-0.6162657197599144,2.7073179714534823,6.130130224546618
-1.2596898082125971,2.273035253445461,5.619290096379034
-0.8455290437875632,2.1765702378290483,5.935132380890319
0.16818696281768042,2.7369694011609345,5.789411611389182
-1.5248849049007225,2.0529816009003183,5.91078061723699
-0.8830836614741991,2.536222479645437,6.226334624901282
0.3674457686090542,3.23296274928131,6.13937248299134
1.7575451912040134,3.9371299621306495,6.20851322774144
0.8660659384218202,3.3036354032542192,6.247666684589932
0.9399448721582684,3.584621507797853,6.684398047893854
0.42848888673498914,3.32204951164785,6.189474194673851
-0.028188326999965506,2.9576966729455747,6.094380120942664
-0.7232962887205433,3.012340925796165,6.144586118686911
0.6787694019461972,3.2317417721077284,6.126477839627675
-1.4527086586236668,2.283155084132016,6.047308739715429
-0.05891559878186234,2.957409331941508,6.042605387540239
-0.8506359932780694,2.3962693414794245,6.148736625814582
-1.7872262722385763,2.087505176855622,5.4664439860113925
0.42153456652929255,3.082609235506917,6.28584034789574
0.4768120219731464,3.1329575609650773,6.06889527275607
-0.19721818407412406,3.1376311183821946,5.998978730884517
0.052783180783615706,2.8544902003082413,6.252855116959073
-2.6146914716959593,1.4352215276802156,5.578116268866564
0.29209612449758504,2.8641193225470447,6.150599899983947
0.8814417154760208,3.2194042045248006,6.321364514586937
-1.1541413303399586,2.387181779709971,6.033733576288722
0.1796355901243307,2.868305917977325,5.7474292024395846
0.92389551303976,3.355174385305348,6.270990201818456
0.9013187745231876,3.6256665930225616,6.452462444691361
0.43035223930980737,3.0449683640247955,5.879770170359086
-0.7620011277003559,2.0953254242918438,6.094290744242643
2.401689211967144,4.175214831047999,6.639360555697918
-0.09554527358289942,2.7368400428242734,5.929627752775869
0.48504364975385517,2.9419245810748462,6.15725615827534
-0.6329772414489435,2.770021036426131,6.002721005688049
-2.0525741848278725,2.0970073832941636,5.812001875837808
-0.2665168569765038,2.9547051648124634,5.9732192185410415
0.1546027884030999,2.8572526116270245,6.132285189666906
-1.257834401785236,2.4037358175376156,5.916064847014778
-0.045093817041739884,3.153372813294014,6.238415027459204
-0.7311030934453719,2.322918632536545,6.382049704870993
-1.38980500679224,2.4182395546142392,5.626233097659255
1.218553777717651,3.4861279808586683,5.991026639425966
-0.6383009052928124,2.3549285306854495,5.9152203461688995
0.3451517303401777,2.6067620178822803,6.098558132416386
0.02827590900778869,3.014306081477097,5.936298653804122
0.02251487983504784,2.9147501161056546,6.054541291241929
0.1527386115085195,2.8583036711598924,6.090458896486865
-0.7392129565654666,2.324310626516645,6.159769351269203
0.08969480640458077,2.663021419378775,5.758131660187836
-0.4596972405537131,2.731632521286943,5.79729559243556
-1.1708434949511257,2.3465511165962174,5.718212955799733
-0.7312780163623522,2.8227467031167257,6.002869302526605
-1.1148950991507303,2.284692721927028,6.390317145104262
0.29436338498400816,3.15166894953426,5.925936139120911
-0.13137576351458816,2.86472516502969,6.28062452667536
-0.7503890474125173,2.472154905576078,5.878740750466883
1.5411763498093376,4.019513170418123,6.5267571081721325
-0.08983283979856564,3.019836672380664,5.911283551656017
-1.0855112165955432,2.5611349544053406,6.076457485795951
0.11728082094269804,3.578021759609383,6.344394348651367
0.719034352300822,3.052599318892483,6.104390091925173
-0.23100032655361477,2.9293016299848382,6.128913056217197
-1.3746438966827872,2.2870849542153158,5.839632464034675
-0.6826848539483387,2.49211920202633,6.0686322518552736
1.1708964507688604,3.46826176501192,6.377038765906349
-1.1473626781767343,2.7079916854332655,5.875635695688522
1.4036264161135905,3.52956899260663,6.160517694425173
0.528234667974563,3.2792022288831024,6.313111252326439
1.813471362422942,4.003152938056484,6.567379712556441
0.3892266737832591,2.7747138186221223,6.029379651925505
-1.2946296875534915,2.19503990157136,5.949060461583597
0.7392405079790407,3.3772396733933094,6.211363563932197
-1.450887494804475,2.4475803841296493,5.495723492759562
-0.2748681855205201,3.023480910208761,6.256172861724872
-0.4086184361716593,2.7550372603896722,6.173063770566966
-1.0956273572925148,2.5200138964561316,5.949622140715154
-1.865594181408397,1.8123425451935833,5.618977931809797
-0.9160365767195654,2.371058207186408,6.011636949504
0.9378282836738618,3.414863624246683,6.618069387433582
0.3168135664118362,3.2214430252932122,6.209520831527415
-1.1760134099001085,2.3418259778479595,5.9087903002402795
-0.15289802755722923,3.038206409408342,6.175033384798091
-1.3675745532628525,2.087254966927801,5.693518465553015
0.28611997822953317,2.909890036084325,5.994900846800342
0.4533570809782739,3.2706453051181783,6.070565143696131
-0.9539152968038,2.668027367056703,5.907911283451384
-0.17455388460642968,2.768394352976911,5.759049015614681
-1.754465554613525,1.7660523665508252,5.679945965107299
1.966299774006959,3.745566466705508,6.7252485906391195
-0.10855747348714465,2.6783469649612845,5.546979201949111
0.09768558800829064,3.1400392134061734,6.202344532683027
0.7300043193910601,3.204225485273009,6.302287347965845
-0.7844469600931525,2.8108409017013516,6.142185234590314
0.8819439310879219,3.467201113869905,6.240193535145733
0.683215374691883,3.3136561328352507,6.402695561040665
0.6042162217729444,3.241679560792386,6.206601530708839
-0.9000022663072745,2.5479100982612346,5.970037654330057
1.4628908655403743,3.712022907854578,6.335267492499495
0.49000434853589714,3.2805658937419913,6.134610447957143
0.8864472061515156,3.492636342112318,6.439784139943244
-1.14047911750365,2.393916597739918,6.443937390227876
0.45591185780534804,3.2465624278219147,6.296720737865312
1.069300058891442,3.68430486384844,6.519885611810482
-0.46097108816277954,2.4644559561704735,5.880835982114977
0.5860217991856381,3.3457944086968143,6.11698222329538
0.8723296531951789,3.3476210457263798,6.369881301959208
-1.2613591958892096,2.2778171810806787,5.700403850346427
0.6009023237902085,3.097233714448921,6.004981692073571
-0.737139288786396,2.4236391370239936,5.868975621081148
2.386911868535264,3.9320201844291787,6.464984589739758
-1.4537046858780656,2.3096974497603875,5.656957791214383
-0.3213739047723039,2.8693808524429647,5.847677573845858
-0.15936822957697858,2.657413707491183,5.947872823598104
2.195617042146112,4.123030574892649,6.715284975113467
1.0609633357424342,3.75576113894061,6.199631452104214
0.4021881754992007,2.7570156719883463,6.319990689303397
-0.0031551836844446674,2.7339048014092047,5.768247433736471
0.5575391131345526,3.28115179079215,6.078266523067834
0.5706924206712962,3.290698617716938,6.077398369036458
0.2254987704204361,3.2656376534656255,5.863527274578496
-1.3777741542680104,2.2507248968839675,5.574898175037477
0.30753109250853977,3.5021167705660448,6.777045193794593
-0.301644038481597,3.3860446035969076,6.560145386729265
0.7214616754699338,3.5097118384981916,6.343233423601791
0.2257482238254609,3.359891943511269,6.44737039423222
0.06577515813952688,3.0332214063861014,5.823014410080736
0.9868947170372866,3.3569543391147323,6.187627849977404
-1.1601483648204962,2.516669594980933,6.055576886675529
1.2867714904640237,3.731611039557182,6.3391268302061246
-0.3056404343702531,3.070138954120592,6.1239818097201315
-0.13955582425265947,2.870892699653955,6.062443032910903
-0.618084681612356,2.952209364095042,5.952080949301326
-0.3964053467365583,2.9370354506204093,6.224537004126396
0.40256915698620127,3.2578511027088517,5.87679758668355
0.192014678799528,3.045080157473861,5.8968948416178835
0.3349249862966832,2.9232406360457857,6.010851578463735
-1.4665789765210715,2.3987699503028166,5.873863111171519
0.17679920742670563,3.280773211723964,6.107687391744576
0.7560309634170824,3.4869614037677037,5.512373545370362
0.3164110481928904,3.222034594716348,6.224910592197122
0.154180487145283,3.1386424358015366,6.511170587275478
-0.32426770186601916,2.782971141406581,6.131069240123835
0.07508280239692586,2.897016075023915,6.101971555032035
-0.40144023735416023,3.208580932417701,6.222823292052787
-0.6969229710923358,2.3558491127496994,5.767574117396903
0.09996871861743804,2.8631474802587373,6.274419536947364
-0.648310078915909,2.757387759115379,6.025737320137583
1.834793403453656,3.961233478129715,6.532045346926679
-0.9216630057914148,2.7521954152983064,5.968017301909145
-1.132326351159473,2.203557551885389,6.30148960450189
-0.5227227922977292,2.3704268282166385,6.1925655839646705
-2.0181528582355783,1.932643742809045,5.6201365017463045
-1.4204157595662388,2.289749699849859,5.907633751208319
0.9628706739257309,3.6380302602107144,6.078644651064859
-0.9821366093017917,2.655423394851988,5.921874991280235
-0.045129854682982126,3.220074157322596,6.385624571412681
0.10035531851849773,2.993953896187014,5.992051695858878
0.7876966679557901,3.5048886695940054,6.390887099221325
-0.8384623056411101,2.414932254058589,6.1271526877612
-0.9694707630711554,2.8045483482469256,5.8363758632334015
1.6103696511018548,3.6482815239902866,6.4515041723879225
1.2902068632633548,3.5679907535479143,6.298381317792873
0.21469975350592232,3.1215938620264043,6.252122309844727
-1.5267494291570174,2.0611060339273273,5.966089785706
0.7340310776362546,3.266053065770438,6.392479009883077
1.7418061463115115,4.090023646682156,6.215602605800847
0.3652631121175167,2.971047019080104,6.4615960490423845
1.8722819550684686,3.635371895733658,6.1520945001686425
1.4122428638397055,3.7996209243470958,6.493383239464407
1.909267824415338,3.9793501301363436,6.65145977026103
-0.2931020427147149,2.6937554962290817,5.949972888297683
0.7751794577854229,3.1599977016106604,6.438241348168178
-1.767946293758106,2.020869512404781,5.810723593855478
-0.2787307099852863,2.651503859584794,5.815331059498272
-1.7253823525628154,2.199978324502966,5.901200658665498
0.42121411528258623,3.4251353021095188,6.3231746309714785
0.9949958621165842,3.3206523476878687,6.310232481862412
-0.597054618590341,2.6471792002974244,5.714734626949038
0.014654683056992688,3.1322802028482664,6.30423693703086
-1.173621526491666,2.196529178452583,5.793539612804949
-0.19533728529967703,3.0690992322597968,6.125571543986093
-0.14232957752316922,2.998609138280855,5.830905193419044
-1.1220700820668599,2.162263715129286,5.903303350666989
-0.5255326409207975,2.850249061898878,6.3860630899310245
0.9880362494558658,3.1188134493460273,6.155687790855514
-0.3649531350776471,2.6671471665350794,6.087113159497699
-0.5840846926977593,2.4132321639612297,5.965499272873342
1.1093856553227308,3.6142539957365027,6.21665174506611
0.4705050982809743,3.3414235471614533,6.396469181990866
-0.9559020715011917,2.4659766063790607,6.162743191586919
-0.6689579590518255,2.3425351276223547,5.8661223562576215
0.41144115523532593,3.311224599676291,5.915875704623593
-0.018263149434453906,2.708426660262569,5.88259249748231
0.6825070344299237,3.1955018405453117,6.003140153093602
-0.06392856731289281,2.757371637111328,6.01121226573121
0.1325049457608537,2.3081769201042452,5.9140126649573945
-0.8969864011602429,2.5348383688467315,6.263374354138181
-0.9603185151483566,2.0750331665456994,5.9140099552555485
0.14187018816216318,2.8311786116579687,6.128540770867919
-0.053227188278131325,2.931232353313308,6.102829325009191
-0.14751605086285816,2.691797905052573,5.976322080673666
-1.1982190486543367,2.299157441946929,5.7158934073528
-1.480289787424337,2.4225890448549725,6.033351719205899
1.5964103829557397,3.801437461733146,6.09793051283401
-1.3593488648437442,2.439558572113697,6.337884849345789
0.7799884608646486,3.5091513781498427,6.249843799686824
0.5358134648268621,3.3285069859787426,6.057761752838913
1.9301987975086685,4.100466282479373,6.471647796656518
0.5969370404555822,3.3062244625769024,6.0189007590790435
0.546111004324984,3.557684250127722,6.352923335401178
0.3679938136020244,3.226020795976867,6.111163918942871
-1.087060160157326,2.496593870289116,5.903517647962071
