a,b,c,d,e
1.8381626336451773,10.823707086211021,35.80422204382507,36.95425449984875,223.22928781651675
-1.3018943268349608,1.1883147764009616,7.113332699285138,7.960233237123886,50.339596749704825
0.18650990634249132,5.228259792156191,18.69663778024194,19.628564142071735,119.96281875165943
-0.49720706912272156,3.3213719246575533,13.887460459532136,14.287495910218237,89.61427387720725
-1.1740282597371812,1.3430769075062,8.517053383095838,8.359023401134078,55.57431768360134
0.748013260158956,7.036739761652238,25.42326107646531,27.189310024581495,162.78287161165605
1.4230980316999393,9.678726416902297,32.98539072060424,34.23951596466138,206.54885878752046
0.20707889131082582,5.016778951198444,18.578026071378225,20.609016832241185,122.55673501001493
0.407466030645564,6.449051610087951,23.39639552957504,24.929307478029557,150.05392947348994
-1.0321596818357228,2.074063363205775,9.909138947347826,11.132322444454992,68.07103307452877
-0.5984029735435243,3.3373269994324852,14.377626096200633,15.08907893665966,93.31226264595489
-0.5711026358315292,3.8961794601287467,15.34557557869423,16.581641774475912,100.73695321153106
0.3616585867864286,5.842246623484041,22.486497625432055,21.8795745576665,138.09771621483404
0.6087830971127403,7.206841132139422,25.9342579633455,27.198976410246846,164.28243779732685
0.7463204044799827,7.133869534049485,24.756454091118297,26.335280580340143,158.1921106384518
-0.7944792622398527,2.710533615963958,11.583645874728527,13.064457813294297,78.9421635020462
0.14420725989288166,5.334286530142691,20.01616401956992,20.947543255434322,127.98599775969787
-0.3156325042480229,3.719227451429627,15.876548779392,15.890927439576345,100.1412947121919
-0.05336447465872583,4.79387092628593,19.078265023557318,18.515514519453912,117.73096013579581
0.002848379717835028,4.862874016466661,18.795382375184644,17.856038831277445,114.96433514349964
-2.293966202922566,-1.853841742242216,-1.1861275718147524,-0.17516753231023058,1.0050965843852837
1.003884272633595,8.185370862878674,29.038003753178554,28.15232960621994,176.38393313594614
0.8684264154638475,7.960999077923371,27.5341426882116,29.069832953935016,174.8965512336187
-0.9248110345084112,1.9440301728738256,9.318888617780456,10.660561476886883,64.89751358861356
1.5104481509219592,9.387351446965127,31.760806575780514,32.85911121847219,198.8911529901878
-1.1169817092342924,1.8111110850632741,9.600088810946707,10.492087576696903,65.15230112750896
-1.084897102246897,2.015274628072379,10.06232564912629,10.889734471574673,67.81912255767932
-0.5749117099707397,3.410859739467571,14.120686945476901,15.23422487606861,93.08176086196669
-0.842329145247802,2.559800170294431,12.102786104024297,12.3029739128679,78.0787070666185
-0.08633600200305024,4.712534153965186,17.68562707384108,19.504139825845577,116.47176061125742
-0.01684560838409915,4.6852962292841385,17.500508920021225,18.59909161441269,113.42863622663008
0.4701693896011212,6.63812911841006,25.08777163319259,25.696248109411933,157.3508752245763
0.3127453721808915,5.8259746450274426,21.0686612462499,23.754212702941288,139.37560472906105
-0.5478027629698061,3.115963197489435,14.145632923517432,13.585448230345852,88.13522552952021
0.14055977499344424,5.782225941946575,21.500139486423965,21.898260386217853,135.0959481928016
0.8328262035290741,7.54988043225487,26.478967854153925,27.61961447627945,167.2389197530851
-1.1693728490896025,1.8015964026302729,8.739600052797714,11.138472276834133,64.57701109383558
0.45837370248157344,6.2730624187123025,22.816464401217303,23.078191039521226,142.61859468650798
0.27312956449347214,5.807409544132384,21.172524788536403,21.47795387099488,132.8804557448333
0.29920799808904436,5.805600823207361,20.797398886543412,23.114567377518874,136.77169267959874
0.9024925640794972,7.6633642480561175,28.1069207513634,28.030286223480214,173.3635651468163
-0.1566561803062617,4.081659111940442,15.363686377383099,16.934876557497404,101.82122181633042
0.440917607804232,6.0965824613748305,21.975241631626933,23.59362645740253,141.8246830622073
-0.47252637238323725,3.656067046642669,14.287381537345546,16.67313390229782,97.81184198766465
0.6563772486045147,6.498624275607534,23.769714165712806,24.634896944970958,150.2660605340508
-0.9921723569159242,1.8625335220870292,9.573611155114044,11.379581331933752,67.88574860460282
0.8742873078908615,7.6016613816020095,26.9500708620261,27.439226169930127,168.14494521771843
-0.4287129012788671,3.7244324362255568,15.390812064658972,16.64161949730082,101.23239206600752
-1.196953923751946,1.5578227498887476,7.935761290659958,9.168593243600723,56.34374682392127
-2.3689277710039947,-2.1046149228954736,-2.4598009572624693,-1.2854562338514264,-6.1312026876264625
0.07990053988228131,5.160922281045769,20.223816250790836,19.643501189878425,124.62971848753789
1.1401531280953379,8.847655447844513,30.969353610450497,31.38838659018781,191.9797271627083
-0.8854818318240901,1.9843705275270347,10.976828471418129,10.366886430525533,68.94793979364168
-1.3307931516057874,0.6781331209488781,6.42917193524667,7.086899962675006,45.49225360364505
0.14059504575711643,5.502884939353383,21.089001365419378,22.077854905873654,134.44031145182052
-0.760310505344374,2.489122605082545,11.991407550635117,12.978951335261602,79.98615569148195
-1.4014314005123785,0.715753470477446,5.412479666989452,7.080623185371265,42.57921861287879
0.01598210725982775,5.274347569392456,19.992502619168306,21.488708262547043,129.48165632680065
0.2616473747366931,6.218441438740569,23.335333176565566,23.805473251489268,146.45131673499012
-1.4171021438906681,0.34855588977649044,4.806119829767559,6.414871239812751,38.63866615341584
0.0038323837253977436,4.8905634452279525,19.78769107429897,20.545008744658357,126.0201193497609
0.27283926253453,5.852707233877085,20.960225641320562,22.906639784859635,136.51523527762004
0.5764190434038124,6.378511196649122,22.981176130660955,24.508791157318583,147.47127785246838
0.21144391948365068,5.805896185790532,21.404033484460975,22.298018511677515,136.22289606283775
1.399299008323192,9.710714386323701,33.17238936132592,34.36261186904351,207.48127408712853
-0.05347178346454198,4.435830058651432,16.64089203799731,18.361190036517495,109.99122343102695
-1.4548009073254533,0.5902650132740147,5.45397386526513,6.519260043949008,41.012531549500046
-0.3021961220758202,3.795713169227044,14.841284158373629,16.735743962031275,99.69863570130258
-2.1669008762341817,-1.2614976787477192,0.7719580445698968,1.0660345619745324,10.40353654655546
0.4552563769314712,5.839396529433976,21.664768710314128,22.319215693942926,137.0833375792446
-0.9297867352566602,2.299062249929631,9.9710325919989,11.612464573023917,69.64521845953675
2.1545633319726973,11.557324559754171,39.876065511986866,39.41408533022276,242.96288463572094
-0.5967623502607861,2.773535141588533,12.91035620722145,12.648934223486195,81.72433737401616
0.8147253047335759,7.442835661023216,25.87885469139029,27.94365086458656,166.33687103547481
0.24387032487662377,5.668564356115852,20.35246556548225,21.860659017452107,131.57475196493778
1.5601644311625724,9.743065827274012,33.24603737281541,33.7637410060189,206.1165472715924
1.2180767893687572,8.704462163979844,29.897194508131857,31.472673134858685,189.0991049225195
-0.7788672322668249,2.37016312304779,11.228944897808978,12.599221280328317,76.48051738474523
0.20022196465214573,5.969345359698665,22.15979706908214,22.613844346227552,139.41713043854688
0.4873195931632397,6.625909252695504,23.999580417577874,25.63150104574439,154.0703907549865
-0.4597145056173635,3.521263625637271,14.79047065969465,15.838859693378554,96.9662160135067
-1.6492351063250847,0.10332959685202972,3.636478045706569,5.109566608382967,31.2012948787147
0.5006253654643815,6.719321156739332,24.052004592193224,25.57836287125893,153.84959025502627
0.5511116110756025,6.920715135562066,23.77873642777395,25.72748080436507,153.48101712845147
-0.3463223061063675,3.9593006676572817,16.990237810223977,16.439462562572206,105.36805910167746
-0.768918657356326,2.896396038527616,11.984821183554152,13.530882851318486,81.69902796538965
-0.34246888639539075,4.247089346587365,15.725995606816666,16.878648504339182,102.72407701270694
0.5143076712244309,6.886447309778069,24.375270058327413,25.241334304701166,153.90828479610585
1.447177565361035,8.810909417491773,29.953413583393786,31.50702730003482,189.38092243143348
0.0832001966042822,5.323941202940628,19.2310177490129,20.35922807772108,123.70925156161361
0.6823340376913218,7.36909762491977,26.3853895344422,27.084292646766226,165.30435971185966
-0.7510834367250471,2.9542209291495345,13.819655179009642,13.257492872764955,86.1288849901837
1.1762701206776076,8.717133645690415,30.950131793989918,30.475071232456887,189.2808284751556
-0.9852580875534009,2.042939687213747,10.250582203171719,11.91658948385494,71.58178436876725
0.570756011109339,6.231056963838887,22.56455440979897,23.587358584828586,143.47278818665657
1.3373440373702308,8.853554277559837,30.953521716772542,30.99747800807801,190.67193430264098
0.30732386393915023,5.758358358416115,20.87457773837974,21.979259398398348,133.4911310788747
-1.2358338397966815,1.3994390181057221,8.280847283378657,9.489908274273082,58.33351377326917
0.009790532330981297,5.237583314571467,20.769754812440585,20.764597273506716,129.4437725764761
-0.17427171161181904,4.790434603623447,17.786103521715408,19.693807719792062,117.46463708080887
-2.2178131135151222,-1.4833271208623193,-0.45783785144964856,0.1252701953999274,4.05944697421943
-0.8225092049481058,2.6277025726090213,12.12808145545133,12.58177559560196,78.99004500976113
-0.37404468339623587,3.7716484052792945,15.278334940482258,15.58946636235106,97.51782091651185
0.6615033017940605,7.57678768043586,26.65206497769589,27.39256645007955,167.17275046581162
-0.6870511562861312,2.816684755378441,12.429401631696571,12.569024471412959,80.16160133407749
-0.12381874822471994,4.67723978299345,17.88713027913142,19.33436163044237,116.91720538893951
-1.2690431335756929,0.7527474484922391,6.467689600594788,7.157045610429729,45.798719273102954
0.6494769158138199,6.7395472992315275,25.075834751515583,24.936703347817858,155.17405007332448
-1.533334818750791,0.5295226901323533,5.181774965789243,6.773979248200593,40.85694321750863
0.13763568854018524,5.124311762282857,19.30115333548135,20.58023270070443,124.64180774236083
0.4454177676002905,6.517747858499932,23.05572584991507,24.048629388199682,146.25755440520925
-2.2414588126992085,-1.8500171679616184,-1.8856974453973565,-1.0337025763203826,-3.645807697203717
1.1612437139694698,8.71068242731354,30.34500164793417,31.685749844077918,191.05080598260471
0.11564273696217711,5.549756492046612,20.656394095172583,21.925417502485402,132.70367842193684
-0.0876161045613626,4.81032780473656,19.008680324257462,19.15504912715049,119.3844317993202
1.177837777335838,8.419643148589154,29.023034038389095,30.492142717132822,183.57036915030426
-0.20023968922756238,4.75764057851874,18.19030451340576,18.234652998185013,114.24618578159868
-0.3558364093971111,3.9374881309872163,15.9844709087254,17.33137748139182,104.80031904871569
-0.3031223510923106,3.651139320285249,14.289011961746608,16.303655891898515,96.85057348476684
1.0012926502373016,7.808870813834607,27.837437262147617,28.175894259394404,172.9353669335777
-0.5509989639250178,3.739085543566718,15.328643394256357,15.528982816773187,97.53427913289872
-1.1609025427857431,1.3725802110508625,8.355898313128902,9.56513503519346,58.77532065810623
0.9021481586662298,7.679037467819003,26.611854670784837,28.345223856497924,169.91557074282753
-0.8407675560776577,2.34360448126355,11.082325024032993,11.874728457212619,73.8746505962072
-0.08499961388235446,4.278517893611606,16.17776469242966,16.57001104358133,103.37155095680473
0.35535704036206195,5.828445774640497,22.109001358115027,22.724160552218752,139.62898594382722
0.7354845427127398,7.067860618277699,24.459309896908273,25.75728916343847,155.57487182041112
0.874057023044793,7.472982095677477,27.031226364802563,26.612732908835888,165.80134971753165
-1.600225834827718,0.7270113969924986,6.049265702340985,6.836786750055106,43.56900365538474
-1.7488058200347212,-0.12138084882500266,2.6060795954941995,5.393291377502113,28.948698657366112
-0.7657771078423591,2.970812170602587,13.41873681425334,14.603594337541322,89.1293736852973
-0.2995121850949599,4.37379665038332,17.743196044715365,18.71701564112221,114.23647623000558
-0.3998483372083714,3.9317353761257605,15.21718125350645,16.517308335683403,100.20756946421217
-0.8793997037440223,2.206890554781368,10.323225863077315,12.08543474942891,72.22122896633022
-0.3447888559585727,3.962066977928247,16.128971479711396,17.118236770375315,104.73522174141522
0.7784853258919758,7.409588448488556,26.049031037239004,27.60045975649828,165.88525459356356
0.588008222124891,6.914243902783508,24.822755495091087,25.924986563390803,157.21204573175893
-0.04458816714189228,4.9345911136403995,18.966460261020117,20.55153140459157,123.62906743536885
0.11159661293317627,5.2629374607891695,19.45803549538749,19.856018054704936,123.1240995657796
0.8057303315219017,7.641921117339833,26.50580857546997,28.19094283320445,169.13210570135607
1.7123141112078308,10.236197233872236,35.418212636701895,35.26137553465366,216.9620939431408
0.6019035194260476,6.941641694796011,24.626839770484533,26.044718846624175,156.94135262062736
-1.7374980653576402,-0.3409945406791667,2.686002405374503,4.676078757624982,27.054619841767035
0.5730155756525886,6.711310919063673,23.725644603054548,24.435306089291302,149.54592421778887
0.47750430398439936,6.933790079784734,23.30478386517788,25.52135564013942,151.36199530800283
0.7481446762493351,7.172298356642212,25.941658324779443,25.77064709553781,160.18248607159185
-1.3669604383195826,0.8077729398033393,6.71224122941408,8.366721855529963,50.16508560230887
-1.2863870912299809,1.5211076277926798,8.854599626455753,11.002225723858015,64.43422315491598
-0.8105455903635033,2.743184217901515,11.892880780655686,13.107739323620068,79.99527280805586
0.6704323463089408,7.172702558404134,25.747532136295074,26.01511525367982,160.25844003401124
0.4942110425716229,6.5618567265238354,23.565870387631477,24.101954878075027,147.92356986164154
-1.7110412719046106,0.44218903107233265,5.153303192139434,6.421366560738256,39.78607816976636
-0.26180781791615176,4.258984758816996,16.27159848947339,16.287109408069906,102.70155818589038
-0.4154959212011308,4.15351539628664,15.474029164717257,17.02985189412514,102.4267677770022
0.4115803877155584,6.325321463829339,22.916616929174484,23.44044112245014,144.06169240660327
0.6814221522613457,6.699063313711261,23.709315332876464,25.315191404893913,151.9501473869574
-0.393018770617443,3.5197240103342335,14.442283263514582,15.389416055111317,94.51116551560797
-0.36855315263979876,4.088396034907184,16.248206922037355,17.590020280173064,106.47875466700857
0.07783271543785127,5.347848847367958,20.286500577714992,21.404213663883432,130.05279557137138
0.4933119606236382,6.476577501197341,23.335048963640208,24.435640788642317,148.49186370839422
1.2571468968980033,8.79221333409353,31.220793291210832,31.768396876505715,193.83027530034397
0.9849669043637069,8.20101722408577,29.058086986616004,29.90949056742807,181.92991492091383
0.832577876242677,7.682610244118507,26.764206143276695,28.51142095968973,170.67943532085417
1.8182647293851972,10.198874870134592,35.70859800225244,35.55290521657246,218.80561365686538
0.7746444860350687,7.304171413635302,26.038397885220608,28.117109946168018,167.44404283469734
-0.43258260649748553,3.5931500595499277,14.938372400462008,15.78295325404583,97.12696305796803
-0.6979924410808079,3.0353053518997513,13.18304403955262,15.679355990708663,91.64450632625703
-0.06914070631769947,4.6908460003406365,17.682745453769485,18.98409988763366,115.01009709929771
-0.09114942595982149,4.523160653237726,17.30674081971791,18.938316710839374,113.74352090276398
-0.27579098137845165,3.952506956627437,15.988888454727991,16.11675864699569,101.08038695050008
1.5566578175408652,9.458303713475582,32.33759405410169,34.15744306309753,204.47886688929083
-1.068873721988045,1.593890712109705,7.6278307383257165,8.494728475386472,53.28818636330144
1.286755205309481,9.073397836284384,30.806385517279406,32.905002424537265,196.1188458159486
2.60686425126824,12.864578807059868,42.6012475177543,43.80517192532219,264.3592961233238
-1.2583989936257949,0.667348149850023,6.601185382254105,7.468653997045473,47.21846833965815
-0.7327669189225546,2.9347453239918933,12.95299214797392,13.365248394707987,83.97252191844714
-0.354813561297108,3.4270585070236836,13.671765083487703,14.598202578641411,89.89437558137462
0.7239603837547366,7.232285989548954,24.987187784549878,27.140175571169607,161.39739260744972
0.6332850425259382,6.63715663923422,23.335538149540344,23.984726291051544,147.0448836192171
-0.904587007810352,2.0965561206620484,10.338536513538687,11.4355869703268,70.31751958315265
1.3376664550095996,8.909991100673654,30.90410021333639,31.651283701734915,192.78863535194117
-2.4684436970012036,-2.1038856494887614,-2.350451304214606,-2.2379753603975474,-8.660371595870526
-0.05230237369117783,4.622310481833158,17.287581042676667,18.67790053817868,112.95227803357137
0.806290890826914,6.94333453808578,25.15043837379173,25.92734139003156,158.1303259366872
-0.5356536534920184,3.4578308485592357,14.233196932981055,15.55502522959161,94.37093774500589
0.04675396168714447,4.904489728013376,18.523253086749275,19.80514459240579,119.88144295405061
0.03317427114585486,4.537234468378613,17.439561454836387,17.705251078239357,110.41345386894383
0.8016346389309212,7.471958997962146,26.183919106150697,26.937136326198928,164.4820711331169
0.4117780884265793,6.127401470090422,22.78669837255755,22.97544793766557,142.39906003498564
1.5254686412550678,9.385162877911311,31.33811399412362,34.147246983057535,201.4706707885876
-0.04659906502051343,4.58533252032872,18.031541681910447,19.413941210468824,117.39959720373786
0.3986659075609874,6.166086349769933,23.02358199667826,23.67683051836617,145.09518799823826
-0.0724795982007987,4.534192065402252,17.543778163628478,19.17021219700992,115.06321101273457
2.1365927636017004,11.189615149777486,37.63510472940922,39.61418450394834,236.5817887416963
-1.6843187050665451,-0.39813651526927807,2.5654861060364382,4.230836232968877,25.563223625319342
-0.00015566147731638932,4.949740314395832,19.576816023277313,19.277758562251528,121.45747571373151
-2.781146860611947,-3.053557889478679,-4.880841536563237,-4.2597927169215355,-22.43357625854394
-0.1668184116472971,4.481767629730808,17.712171341774148,18.01056851844986,112.26036784326826
-0.17224829747275944,4.048463778086796,16.930123504771583,17.697533685018556,108.87269900164381
-0.1319464027644489,4.728617120436162,18.210222122191304,19.699280039927487,118.78243948019707
0.262154168018063,5.866281500817237,21.802437556092023,22.50220186419453,137.97840813741107
-0.5808223176041102,3.171501222566687,12.829499592316079,15.423321606379835,89.93694795561227
0.16220020310305414,5.23020260749938,19.263182130859107,21.28951344364933,126.77171811569663
-0.0364111985136877,5.171494358484966,20.67812807522233,21.395293854827326,131.42406197167458
-0.12572815832319253,5.113758315675895,19.865149710891988,21.409845088603962,128.76315997475734
1.0250677438835747,7.908958734697918,27.50526016963832,28.101352747203883,171.90180003262887
0.27993164972718515,6.186945265613585,22.673027439330706,22.530948289933182,140.63792671625782
0.12781099087360492,5.712051728713793,20.39671972424861,23.040037596961128,135.31266824835976
1.0017221079712706,7.496292277781794,26.648446882877572,27.400379543072198,166.98228998493647
-0.09863760891828934,5.010279786458684,18.956273184514313,20.12604752935755,122.2917569667588
0.05517446193692499,5.6052448063916,21.70449487776492,21.441577598547024,134.33266337414233
-0.6614950877821208,3.344057480494594,12.838079393853954,14.766489812329798,87.82295235603277
-0.7666633457300845,3.0092966152227514,12.458054440207535,13.99873148967407,84.19324991147153
-0.712895049542661,3.2663489957133067,13.92357087698906,15.107658597784004,92.1244829203163
-0.7947276234923233,2.1417480575685306,10.12687280175732,10.896071602909151,68.02504844082145
-0.4623520522231165,3.7726668417016693,14.51399459132037,16.83032751211715,99.14629238442735
-1.7891777302423084,-0.6487605813773456,2.008032672135437,3.387315866322034,21.276788213556074
-0.4246036928396197,3.6197447725803844,14.122849039682638,15.652404872412918,94.1770563677235
1.5201903666508982,9.240589122865599,31.576766782099735,32.66330616645669,197.72723461527832
1.4189950663428035,9.69921632896359,33.51046615923314,33.67709354129477,206.55893706926815
-0.8866005181894242,2.8965267842322557,12.688814292590996,14.073887738995648,85.18848748681316
0.8466287002368129,7.687761746944803,27.38434008632231,28.21789323021956,171.86524351919476
-1.7391958279931354,0.27913520505857226,4.638063305488414,4.887954502925141,33.752741939568146
-0.25648183417071924,3.962555345330552,16.475594919882262,16.544551525969418,104.04749293292316
-0.09450352256625726,4.913608252424963,19.519268795002834,18.840938505535618,120.08970400382678
1.041131143081956,7.568683920756647,26.633719362075773,27.545194096479545,167.50677607749302
-0.045672970324771696,4.986957614930963,19.04993991163757,20.44411550119415,123.53268644932784
-0.31185575182041275,4.120678149032574,16.107665366019265,16.93777274880328,104.11037368810275
0.5881866046167563,6.542630449443129,24.31628194001892,24.653154901941715,151.93186270807868
-0.8722063025564263,2.081946891490124,9.66056713525279,11.069450479192517,67.29035542871654
0.8785202430364027,7.743100568307488,27.69150504348846,28.512999173250307,173.54606152965198
0.6886844222769833,7.00254741404259,26.001825584089605,26.27168932995133,161.81813428397786
0.7003225218467941,7.057480453069518,25.366027153753297,26.015627307869657,159.0497495236705
-1.3875623495725486,1.0148006248093957,6.886552676651903,7.3994870553424485,47.85008031729476
-1.1964092781758353,1.7428351941458624,8.446693304097483,9.66587554139624,59.324242115211916
0.5656347707274597,6.925926108407325,25.42249671478754,25.64799940645933,158.22850910052267
-0.36434645360756557,3.881056866654521,15.406755770231948,16.86631951279553,101.83783606824827
-1.8060193617625573,-0.1739356754336589,3.853422623806873,4.309849454349,29.586514654541517
0.28812466819027016,5.941575786073688,21.512863658310557,22.361815440496844,136.6715662200805
1.5660161304950966,9.666657860387783,33.42518415262383,34.494856972613746,208.8781662722032
-1.7524303246525872,-0.0887380600884744,3.7906133174723635,4.441208247088424,29.78515311884794
-1.3724735528849468,0.5296788809507276,4.952659496317391,5.778447131442115,37.08596427058413
1.3741617085048523,8.738358812349983,29.737423040221778,31.621566837410032,189.04255385877198
-1.1875806256071395,1.2297736139873665,7.48835868117211,8.246881549141833,52.212819007095966
0.4241759889804029,6.41393673546586,22.98920935818115,24.051892596937307,146.16669319831084
-0.04951895769913947,5.342578293022161,19.421361086341854,21.133170892994258,126.71512113458795
0.6092878033551047,6.3759835872245345,23.629455990895828,24.193696803440055,148.3543793292209
-0.3790849652038432,4.186676900547369,17.64334001475579,16.470447439461026,107.20191829874832
-0.4777683469258465,4.219034956153151,16.091013070931517,18.203666608016082,107.89434422687339
0.4558011924213796,6.407402217567415,23.407002654031846,24.950103621262734,149.96017588375656
1.7502065248515355,9.900390737329731,34.02129694449834,34.67425074489761,211.09826176542333
0.0589939291947336,5.034481115415244,19.1277907528918,20.32686381576907,123.36744080705202
-0.514389538560272,3.214370638503131,13.01695966557309,14.565889686561443,87.71127873916313
1.9463376064198192,11.026348738666957,36.80133124308692,37.55540864315265,227.9171388067981
0.13774825059749374,5.660289173166839,21.059463885232542,22.118065711136488,134.5262917653596
0.7358156157013108,7.157243006828059,25.374383647899503,25.98903402619144,158.96235881973286
-1.3669692688237836,0.529821172776078,5.247052427215017,6.356771829914588,39.66886140169368
-1.6271675658205653,0.0901619204405791,4.389608896306404,5.31174297078021,34.09183814732806
-1.8895712667994913,-0.9424374665339204,1.8896797278414237,1.7921802749183988,16.10687775199446
-1.7823333435308581,-0.4360333770229512,1.6805636246942337,4.54076642053491,23.66447690499174
1.4910291695628455,9.704217221037224,32.85621770507926,33.27071137548151,203.32768939035105
-0.0827852995690041,4.6689896042264705,17.78044545258808,19.0987143493039,115.67893979071874
-0.4167485552994798,3.774523675184546,15.341078705192361,16.419769137812068,100.35036416414974
0.30469258683124695,5.8775584004424,21.40096018990665,23.759096640443566,140.52411102832613
0.006050032269183104,4.579236029538937,17.510436339192673,19.035681843516347,114.56466901622697
1.8885247334982236,10.583202774650118,36.68318512825551,37.01962395288218,226.18848548187052
0.6464727723560744,7.388226272603662,26.1963703114687,28.43044532107552,168.84003559346203
0.715189813002933,7.0475394403425495,24.95976327180636,26.521685986472303,159.48296583819607
-1.6468518048047183,-0.045327990959653924,4.784347218133552,5.823978659876274,36.769590172399184
-0.2703621615442363,3.879671482714391,15.062084722347826,16.398709820431908,99.30882620332093
1.6983083340651313,9.881503629597356,33.146466626724106,35.18213301962209,210.0701195001284
0.8383583428735627,7.387744522062223,25.753963148883347,26.784114518993807,162.7138394696474
-0.11928906352214216,4.558158367643931,17.71594913668972,19.072137436422047,115.43019271167172
1.3163277265694964,9.084115563892976,32.055567688585384,32.536416059075705,198.88153955956582
0.3036165143995973,5.780699935988642,20.453116889461707,21.586555363609897,131.07484543266364
-0.6377904143397786,3.509544052161196,13.911239863659112,15.217585014991887,92.30654203876765
1.2445329772477942,8.375823928832347,28.811511225780276,30.059789224689126,181.7604858449348
-1.3436047021422342,1.2071508934078181,7.000339287003077,8.394111902911986,51.10892199713652
-0.49193993297078786,3.641119435125724,15.03040593093028,16.325300845607917,99.10743972782008
-0.04086912955252685,4.456840496876815,17.206830899232674,17.80249347893038,110.06347773291026
0.20153253443940297,5.824769494014516,21.071375204753316,23.81033192298001,139.75784999279958
0.8465571206986657,7.98230745815234,28.349315874997007,28.727867040457394,176.23394213331315
-1.395756738236249,0.8025776486016175,5.836625799462586,7.523805363892716,45.00742807692141
0.41049644253058426,6.7234777106880435,24.44308554387648,25.70315323013011,155.44412139213182
0.5318192838140031,6.48597696959089,22.800533638940628,24.18607292762629,145.89709728935676
-1.0099814573519095,1.5386230407344343,8.360012950259874,10.027530322498649,60.18343375251545
-1.6552241500442957,0.23680567726808532,4.7845144387434715,6.354740584583516,38.392895228288005
-1.2660789427460093,1.0978003508138436,6.551743516213423,8.232500954623186,49.40888763705275
-0.8467451213052536,2.72134539362574,12.917184613239597,12.118355859570762,80.24797070593426
-1.933142310198778,-0.31938694782127147,2.9688452448391254,2.3678661355264685,21.016744785062944
-1.3447433560417963,0.7218662660258102,5.348336433582649,8.4617891536168,46.43191418277183
0.40436209499353093,6.311465736859906,23.02216816235543,24.01606059097931,146.04282034488998
1.2351453165313109,9.291523438748783,32.53783447740679,32.14581279279542,199.0191576247949
-1.1766755227597419,1.192670817211857,7.482220279854357,9.018955338489308,54.43620345131395
-0.6966848252028842,2.7673155077211065,12.159859454309533,13.29162195199073,81.3678005368298
-0.6507221353627246,2.787072807989467,12.36709405308891,13.968171955606223,83.90720744815539
-0.896787403502369,1.8833804210646234,9.624615661288422,10.934741501331237,66.60045124302025
-1.4141038419497718,0.7263316190171953,5.40557359820911,6.947946769496798,42.14063270422605
-0.4313833752285686,3.8273977878022034,16.199515799373586,15.47584555778752,100.01003828910625
-1.1412939152941866,1.5434863407989399,7.833177932012496,10.018860093343422,58.614203921338195
0.18797714479414848,5.356337137924369,20.448289195984252,21.036714129340357,129.37507982982112
0.708539820152937,6.7842712183556,23.913356892064122,25.944170605401656,154.48892567053318
1.4093030769735273,8.659805209627477,30.093462872782055,30.93576201557547,188.1185114013854
1.1002191111964796,8.30681195287151,28.73669298010909,30.378094829393884,182.4189185616136
-0.609311543152515,2.9592979161355326,12.844117897351572,13.935047644389131,85.26546699730964
-0.3347927363048975,3.807311494660736,15.262133477872615,16.32495078171781,99.74609445579337
1.0673587979411052,8.403063027754495,29.18061200022583,29.978549136933534,182.40122039509123
0.3531064073121598,6.471481883046084,23.207283152067458,23.907265413538564,146.18768935966455
-1.0260486966004772,2.1240686693349837,11.42125981888779,10.92720700235458,72.18041996669298
-1.4280240727006732,1.027396867732691,7.379902753008938,9.361439774775155,55.24767283705688
0.3028791180853452,5.800715496160521,21.306607341704726,22.272712308013677,135.70919924532677
0.6279832308434646,7.0132329165034,25.108589090014807,25.752713008239336,157.53303833622047
-1.1700987940299081,1.728762599568679,8.092210925946972,10.356664607695416,60.23376435602843
-0.042517305073554654,4.743018633786265,17.81665559803339,18.620004323075918,114.32673526472689
-0.8434722576090232,2.668432844390221,10.995686239810198,13.488868413542368,78.46976993356606
-0.5056677331132268,3.347356305514712,13.24283216191163,15.414194692477949,90.97734416394164
0.03698349931136234,4.888027371445697,19.004502896526848,20.265918902063365,122.88360277262774
-0.733084485974464,3.088390705495814,13.697229330742775,14.025565485515544,88.24432265466076
0.9682049996001748,7.7868940669549085,27.536109076138526,28.533330636930145,173.14476376585716
0.9594083741001767,8.164852454637751,28.1553977904254,29.093175240217207,176.71512447495414
-0.8002889990304345,3.147851387047049,13.140381769479037,14.312077833927324,87.43799607754679
-1.2871106778092005,1.577282258714639,8.287735685381485,9.854193105794044,59.337650422472045
0.369362793699802,6.216174988246395,23.12908498798733,23.406453892947745,144.70165920563045
1.3897402409538606,8.930116453983997,29.742676910253653,31.511659773205974,188.65024634454753
0.9411748444780439,8.12808008756912,28.222698051938618,29.56559617312646,178.30735325910237
2.1767695412838317,11.850516648071952,38.503283182249,40.79354189570589,242.85190989885382
0.04738034775625539,5.473252376693415,20.389301198843068,21.82226208924779,131.74237773024285
1.1458326541975623,8.487076200182965,29.583085348735228,29.43519223670772,182.1015842350626
0.5712141196859076,6.902729985637961,24.297217717684944,25.74244552096046,155.03753806742588
-0.33528021370011274,3.829164599096403,15.742516767846553,16.560162622700073,101.95162267935154
0.5948763938884044,6.386974633865973,22.98025801987556,24.107120275704947,146.3400278139878
-0.4427846161662178,4.003582301127848,16.5912136994533,16.229701336736866,103.5237552664768
-1.1278744085263686,1.8116030534078493,9.385438200990201,10.088130078209367,63.30216001824297
-1.4413940130434886,0.9534739488416805,7.518924809833054,8.807917699308424,53.95505488815342
-1.5972084595143339,0.16769305950831606,4.603643413805267,5.485929701852585,35.22449551008869
0.43038317833040485,6.204180889779273,23.209339109164095,23.695164609314414,145.66895154288719
-1.0593461229769958,1.5542598349897256,8.185214248067739,10.074281669884048,59.99079539111789
1.2294359695967114,8.551635570677083,27.95168565853591,31.561818895046322,183.424925074986
0.06330629277840774,5.536418304619716,19.80400783408396,21.18566128261031,128.07856463425802
2.134594838294581,11.275566642930873,38.4726367673994,39.16820431085939,237.94137473785747
1.5132468041334044,9.517884591326862,32.04684664712388,34.35705494506027,204.24455940493695
0.9414889421552685,8.045983191717387,27.395708626354544,28.54194915329304,172.86242831164617
1.1885232662601604,8.696028269296985,30.397276681409682,30.475679230039706,187.5115037631991
0.19591286410352138,5.455107589908367,20.201234111740302,21.35397206416543,129.75996479130382
-1.9427639861614932,-0.8791051969098562,1.2615373728347627,2.856621793644783,17.391641608711033
-0.31096521249213477,4.00480938538728,15.991939325030408,17.06711087570787,104.06016771921365
-0.7562864215465775,2.6547030638981273,12.793322719635405,13.088719003156285,82.72601060321267
0.08195061389189298,5.410338910240514,20.11691337988502,21.438072322675428,129.55345346989117
0.1920465643398364,5.844316811185555,21.936904484282557,22.400908637357386,137.9576518515597
0.742450195344335,7.450443569456014,26.499948479743185,27.294185867817493,166.51115734397382
-0.861368221328098,2.0713806637723406,10.008681214525586,11.129450987662672,68.45126606439864
-0.911810674538552,2.442413082937294,10.452061039938009,12.380551336300345,73.47447785329511
-0.7193237728611541,2.9059977263854533,11.946750511951587,13.36958893710923,80.91814675189542
-0.46171966562084843,3.276169863318881,13.54924804741136,14.992662626395054,90.5577357458279
3.7409459241378507,16.072303769864863,52.17383863249907,53.71241236225013,322.6816497046422
1.2750930058998526,8.752620382438078,30.833961209635287,31.936352648465103,193.191702411709
-1.350243104463282,0.7123933392989985,7.231508517813081,6.503773409224366,46.269519583640076
2.366819179023678,12.640499098948363,42.000441830499426,42.128915707468735,257.51168958197763
0.8662296697357867,7.480038978281241,26.48644449551063,27.302247321931638,166.50581520493785
-1.8075061542633668,-0.3108291386080474,3.772824798607529,4.002092510769641,28.31943593607938
-0.9556720620467302,2.336276420442487,10.371960926086118,11.81480311539405,71.61311569310053
-0.17872024265736725,4.537914261404383,17.05765941090417,17.765903324382865,109.40336953330892
1.7768601911398498,10.525794840189244,35.710626697524184,37.192670332543265,223.83903167325371
0.1643248683579957,5.751560797496288,21.96961775044424,22.333983986596667,137.79751623989478
-0.04794707315617036,4.716730300399534,18.23935423791979,19.43573916341947,118.19201262579786
0.2987791092806017,5.95760732461421,21.946362467015692,23.184634506853545,140.34144191859642
1.9642226741933408,11.14360870093673,36.58154471717066,38.41994103557425,230.0985372526183
0.09560134366687366,5.927390674800488,20.73672376707611,22.771541968131476,135.5126711993913
1.6002424054134738,9.598178790009163,32.39006427228663,33.37580452145344,202.25930481779702
-0.2903695845785412,4.23332888169301,17.36594598640738,18.438637254176978,112.43808380278179
-2.013417802497273,-1.1970183183158571,0.876277408737219,1.2308909926089442,11.35554962641092
-1.3917609061868477,0.9670592984251708,6.503855714852906,7.29641285795787,46.46251119008559
-0.3135507584851793,3.915105287206249,14.419120248389358,17.156663493812484,99.71402867740643
0.5584569397410879,7.01374364217643,25.318289680783685,25.457381433876428,157.25848436521568
-0.8215471015326932,2.298974297786161,10.814611197454347,11.464584240383935,71.92392608816509
-0.09357729499239971,4.6878314674593895,17.815881616242944,18.67320617359832,114.28970735556761
0.15637144078039017,5.390206262195819,20.764443385359293,20.615024136857937,129.15798392579495
0.3230326723753944,5.45171190866681,20.409287757408975,21.545450854581098,130.8975540896661
-0.11541000821610078,4.684958156295121,17.769696778244512,19.199034289083812,115.83726699992727
-0.9404289488699451,2.472552631536856,11.346739385703074,11.833159100383456,74.4654943003882
0.07014536961017512,5.634768694550534,21.12342638548672,21.796778123900243,133.87630592737747
-0.8746405030070187,2.018785669684797,10.361630481197535,11.54771479372382,70.69066085157546
-0.06642990666637236,5.003954403880117,19.293659844547523,20.120218930381473,123.28122906965301
2.0018573467521334,11.510552806453008,38.79958931010397,40.23410250210128,242.03690842985463
-0.1782018987825964,4.109416233635604,15.554830997000263,16.464510765939114,101.07703853065365
-0.09377543413598394,4.04238170542437,16.847982514947947,17.775616904485727,108.76399399360224
-1.0248828238720207,1.8800390575384598,9.171315301009752,10.044895812185775,62.71788730320813
0.9826636852355642,7.5079876056358374,26.468172527434852,27.8737082576026,168.0786060019939
-0.907686179190085,2.181582260395574,10.112399667933072,11.538270339594119,69.9948844567617
0.18381597826226256,5.963942627650904,21.731240257903988,23.422993979753766,140.4883147709851
0.2771791378234663,5.908266637239942,21.50556188131447,22.75960521918719,137.738632882566
-0.8479300161515253,2.942352392806803,11.807462548136936,13.83519820938717,81.86267158085037
0.33219137399570814,6.399655912519641,23.499934246889396,23.067534331681312,144.549978966189
1.5668129803883866,9.46872393873611,32.719444443197276,32.87070875513437,201.80574451286364
0.605603419274489,6.588981498976975,23.358501922288433,24.164688106883077,147.7058447536597
0.2440737155060349,5.56192350893894,20.95086388591211,21.4228290407514,132.0699904424352
-0.2702704363453429,3.923141601523069,16.559121413872457,16.41357290327058,103.83713451513103
-0.14457845838518027,4.502206559980875,16.32784913349275,19.611929428750663,112.85438029587608
-1.2217076027191682,1.286282373191972,7.714814224168398,9.981282246198576,58.06301325230627
-0.2983955708742,4.265165324159833,16.540408293783432,17.62846611563852,107.5333274024333
1.0541535266569204,7.535261957748135,26.658156434266193,28.009977289785454,169.13873093394807
-0.08925832542791395,4.904076955312731,18.83177094988825,19.06428906203904,118.62555231799065
1.3231373875576375,9.25719146709508,31.544849666207977,31.51944673025604,194.28782374076488
-0.8524349440045458,2.5832008000717406,11.367502678204145,12.65304967830637,77.08894661080183
0.3792754348617241,6.546087896771819,23.326105149667853,24.89972390793019,149.7296699022579
-0.42043095363957234,3.6692030635171,14.719162986200066,15.7586427372961,96.44365559902774
-2.1698970598352485,-1.5959991051433748,-1.2546103505655377,-0.12282587719735089,0.9270245171173246
-0.6893390155773064,2.9375325675776494,12.847433421806668,13.56941781463942,84.26311914991103
-1.3834878812536984,0.6446285164779914,5.668592073264399,6.692158422164005,41.996770573360685
2.9505620726260324,13.752741649511089,45.65393871354322,46.14560775839453,280.23425886904096
0.4764799255893822,6.1398831666110825,22.52742363156316,23.53528562539287,143.20348909291326
-0.3658203844887144,4.0924669461408145,16.131887686310982,17.099968068034894,104.66504363512998
0.7078165224125145,7.049648632595916,26.39465953949491,25.555226721857803,160.79451074275775
0.10759541810631469,5.162209087692118,19.82422504515364,20.640465511530373,126.42872941327288
0.4645794365448783,6.449941499302898,22.8090873260244,24.64162997649285,147.3331395206122
0.2883867012391852,5.824822020135364,21.132205162645914,22.158998436764094,134.82968899499315
-1.2639634057653295,0.8910958814981083,6.499708229297032,7.754922577898053,47.72797007635598
-0.8765571660155639,2.025119736130902,9.86100232077365,11.102584762395376,67.71545143976638
1.628915602253758,9.882418324939295,34.28596885287673,34.54118824521403,211.42295442602972
0.44780061135780225,6.156007294661962,21.88548328080175,23.318664575896292,140.72100629257224
0.7964750649522895,7.958665570809263,28.73667219015522,27.6944257408479,174.2720984454663
-0.43542631644489865,4.159286004249766,16.84878663027728,18.057963724289568,109.78257558180222
-0.14185711529615924,4.689378651491536,18.010110276190062,18.441135945997953,114.21104404741904
-0.6864843911735712,3.197162526612783,13.530381774549939,15.104836280677485,90.96587087508954
-0.5198160061303558,3.3992066881113994,14.128347276656045,15.565307691901424,94.01763493759198
0.6212234320064715,7.088615514241631,24.93876336067237,25.77863926840542,157.08930708765777
0.7567092556073473,7.054211484992502,25.903800109915636,25.01978782781319,157.67903413559958
0.028000516896704682,4.946630908859988,19.389006292248855,19.875567171666667,122.69370155164145
0.7742753192764689,7.328222537971703,26.50106723040994,27.634517599858537,167.4796785388667
1.5153181430117828,9.40516202189325,32.90738228371691,33.82455248373825,205.158417551147
1.0330904966412404,7.926718687967224,27.833527081318394,27.54200671018244,171.04819758727132
-0.8590555518037577,2.4202963236102306,11.31294438995143,11.713544534401814,74.13437386468523
0.16071095836963667,5.634697946294627,20.990303781218756,21.95413934354795,133.84192684037788
0.7154599125954086,7.299830860937569,25.450456035766962,26.30966972206714,160.29417684634728
-0.06901246248830573,4.542752987109202,16.74222161503343,18.67716189872443,111.08315498721198
-0.6283991354341645,2.926786928250323,12.089952736458113,14.481421600752448,84.89159139170637
-0.4088877843258703,3.948413178694378,15.260644275232286,16.362697109167154,99.90372791745031
-0.8145350214622397,3.0433746029752213,13.030050274867973,13.606090837691927,84.90429725556264
-0.9296023703383579,1.8849059644649513,8.497399728439015,10.731968934213707,62.5490546984564
-0.17748293936663329,4.075736704785412,16.69812505159649,16.660825590600872,105.06677080555231
0.42937730202804736,6.338407960101484,22.9902490394796,24.501178210707298,147.48117583706488
0.6504642783628122,7.103026840625982,25.89004129511176,25.883319273176298,160.49649351646983
0.19847380725645203,5.599635088533792,20.407257790588094,21.65957789528824,131.1863019627038
-1.4244421569489336,0.5322011178624928,5.341862776940268,5.7230875202216795,38.07590658288204
-1.0839373705916906,1.6475576879908709,9.079032049753316,9.866261461836245,61.94263723522476
-0.8928682158031753,2.1460416772137454,10.397818267493516,11.101387724801889,69.48112572812661
0.04750913002143379,5.019742398958072,19.23456939329241,19.334247058562713,120.75998245255204
-0.30215087592283674,4.04914366510889,16.24596712634595,17.50960954838351,106.2793632748456
1.1245356685250232,8.604769783503976,29.996081834132067,30.932519194222888,187.79089651586818
1.2377286990478389,8.641228604060753,29.417377867120397,30.169389498188675,183.69228268713837
0.9172892871142095,7.517694243929854,25.389414764680676,25.924121828114504,158.95674743077836
0.7590120960958309,7.147870834750434,24.36050513191403,27.10420321379995,159.37090336777447
1.252087228021924,8.360473278572671,29.77714604748603,30.574626232759325,186.20047096872506
0.8367013717745442,7.51438786391511,26.58940823334049,26.935315645905096,165.66271720985327
0.80565153201116,7.146116137766037,25.656835150723108,25.277577276456903,157.9112621804186
0.7140314846715704,7.267499885025456,26.967918961449175,26.25202630085739,164.69537615672004
1.4053316144977883,9.091694028835752,30.572999109169608,32.40853829686716,194.05000229589862
-0.8324525209987778,2.223829761122837,11.239666451896356,12.297282790320684,75.52503178122215
0.9460948542386567,7.544805105021459,26.217384400336133,27.382005060479003,165.8826201303974
0.003496709471375048,4.982991147141593,18.7050008535999,19.59296703720976,119.93733180679396
-0.6723241855674955,2.8331206556054216,12.264164375258822,13.863811172613671,83.2887899984042
-0.8644957569022148,2.624275670167036,11.964659563383368,12.799147304212918,79.29075859045783
1.542401914660054,9.91360282613045,32.71028281582611,34.824847083533946,207.61031963323765
-0.1356755092979632,4.291527688684133,16.607466247857342,17.968357591033534,108.70839554129756
-1.237003404434681,1.0025779299442894,5.578884538776758,7.928134150902511,45.486656643916454
1.1722270618813537,8.231688856123029,28.86954629053429,28.68047588778451,177.80938710971617
-0.626851716159001,3.309424913653719,14.51182049217389,15.07329228637335,93.88101319894547
0.10642922769450763,5.657459210172444,21.78844998231445,21.98977398402914,136.31605645774698
1.1823759652927193,8.029740660621906,27.582791069181912,28.344681884828166,172.8507777498029
-0.2515224639013563,4.760820966076953,18.137679508859186,19.149201299750693,116.90700614108324
-1.2953783767515559,1.5805345737999654,8.077674995144996,9.552910987278759,57.89330032801555
0.13038674319297583,5.207146188118019,19.42338845922411,20.49851986607488,124.75896745614797
-0.26171499219377914,4.303344321046657,17.082899908811566,17.801294526546528,109.76652758945245
1.2945092128094198,7.985401262110264,28.114304224864327,29.134003243560837,176.83335258244992
-1.9812147865050616,-0.8395032681411296,0.6456421681839035,2.6040106148404565,14.731483197769206
-0.5346987315712648,3.3649959653251345,14.377379826598476,15.040890730059271,93.27725811683844
0.1394265837976453,5.562200046333037,20.37194572522343,21.911556987136912,131.78043642079066
-0.2234773324211678,4.233658713925897,17.232455619966387,18.610567744036743,112.50133921821994
-1.9434783212676774,-0.8094194659904331,1.8587873424358172,2.2731753547119284,17.441255269405158
0.03940708533385595,5.107553973236258,18.119180330833057,19.97712701564399,119.1811962613202
-1.775652535137983,-0.1502100609009647,3.4931065902039964,3.9518762160272782,27.41136085268691
0.7437056429578401,7.635593818857233,26.57682855692054,27.915216921523317,168.31898263092998
-0.6767079894851417,2.885806854588001,12.033474161162554,14.60815179425077,84.96144952289671
-0.24768189546609315,4.519552810670878,17.234260694014583,18.770279223726604,113.08564197421785
0.6365242263813646,6.763547524736252,24.26590312566969,25.20157911828023,153.41835566547599
-0.12167536891912287,4.611235808525455,18.337445466350804,18.383514926193893,115.08425387589297
-0.0356421358264562,4.892082197370851,18.46509978127293,19.057847801602854,117.66141198547325
-2.5831954136459276,-2.3525251484271585,-2.328591546786316,-2.0620601017282416,-8.267641508650604
-0.8590621952876071,2.071811390622804,10.258851035516955,10.336367270551312,66.80572609863879
-1.2755184740711911,1.005169615984356,7.784685838116224,8.404093275300175,53.45311436701302
-3.250802563779178,-5.179481895828217,-11.058143393491369,-10.4087856947066,-59.42241806820446
1.0553415758187807,8.025328463190498,27.279303262577912,28.718488211566378,173.0191271438078
-0.28831507953996904,3.9035344849638487,15.261402858263857,16.59155834655065,100.49573445987069
0.6628378065490138,6.933671057581037,25.324255549064603,25.892867108112025,158.80114746993027
0.6791219981497879,6.631115779862264,24.106342984247224,25.04782090937166,152.43361449590685
2.2719422425706837,12.209271134132367,41.99352458714793,42.679767399053574,259.05170928718354
1.45249417984269,9.495815906061836,33.15303852832285,33.13927093201939,203.91399377296193
0.9263661017904463,7.663062820631344,26.49166687724395,26.82913311277106,164.90533501839653
0.19880660936778885,5.133312082946151,19.67519733596164,20.36517138305471,125.11696082196485
-0.1398601310635967,4.8253702456060035,18.452444497186818,19.569164321922717,119.12736809918177
-0.7589869194902726,2.889656419352789,11.904998062369016,14.55528829621856,84.4135610883472
-0.2974713260975128,4.4350954671688,16.57872176122729,18.808096092342314,111.13050794529119
-1.2052194267660232,1.3221940854705945,8.003901274902258,7.785787099923953,52.40719772097083
0.7655545131737447,7.580270241149711,26.348135784629395,28.42220495459205,169.3102133385457
0.037364702844278626,5.411082109620501,20.543214980596257,21.452236243767423,130.94263668373995
-0.032853516949689465,4.62436050376808,18.16235932982181,19.604752723091874,118.22473348412798
-0.0961758484287491,5.01634327689937,18.553508226830097,18.99897767332876,117.67007041100207
-0.14397568773987468,4.278998017094618,17.053496526291834,17.395919826617327,108.35281648537739
-0.11364441221524058,4.866308104451896,18.61840703820157,19.074726404512763,117.98474554693883
0.8888160020360324,7.7060090915554715,27.299388204581906,28.187752242218355,171.5734013482207
0.776938141571419,7.642677508094108,27.36530193297649,27.928992183266892,170.9445290857711
-2.2440804012305784,-1.4199225947949512,-1.6646648194864742,0.3551043019143332,1.0840370397531214
-0.682938475561041,3.243101254196936,14.131087921082688,13.659119620429447,88.3310280229732
-0.3090927440324339,4.335938864639688,17.196896218101358,18.66086147544423,112.49764188318534
0.016870040024670102,5.2232617007704,20.138927482931802,20.843432132157385,127.95426044854277
-1.4050062835192714,0.7689168449792906,6.760072040697284,7.281791725853922,47.04530140526359
-1.2839537020732652,1.212748810853928,7.601186318078709,8.289759554191699,52.65663462279664
-0.02776746279452005,4.727811230671568,17.848042088669576,19.32233984181257,116.36163245003098
0.9267352074809608,7.943670538866546,27.959337135834783,28.22242642955456,173.61364239838767
-1.4253722558159656,0.3157319212133232,4.6538750643991555,4.965577955924226,33.89949702877514
0.6142375845218925,6.579937671714774,24.873759748856703,24.617343661043584,153.39416704978535
1.2998888274860272,8.94366931431073,30.532637152393093,31.191735608028416,190.31669258598603
0.13333669652956645,5.6514997608361615,20.35890375330438,21.137298797205002,129.5029307404929
0.7342153809154568,7.181844581553027,25.522979824637382,26.81460601291699,162.02300480971252
-0.5785093739392919,3.1706276558504896,12.783953988024495,13.63478078137322,84.25595817541476
-0.09487666115383803,4.772165878737642,18.29044014981953,19.526255321550487,118.3296203985012
0.0521109404777594,5.109777405959337,19.324136129966888,20.06331649304165,123.20854612794025
-1.2489300847706128,0.8920319851361127,7.601478156740058,7.900355348260477,51.4482839485512
-0.2237523504603557,4.430896087308486,16.106629257073678,18.997525079981035,110.1597065715199
-0.14107218080113168,4.537222545087833,17.64625238216497,18.35358224155906,113.01290547659907
0.11501514624928819,5.630514460418614,21.41931133000266,22.705562432459224,137.32256868344706
-0.4841941755527,3.54040977673303,14.955438995497977,15.925968461276467,97.64160984248738
-2.6613894768934667,-2.8600572898616594,-5.038953878159581,-2.9213450439620163,-18.998984144234583
1.001654629320211,8.619174853701152,29.971250909073405,30.356677873951366,185.99952264229526
0.5109348694287632,6.528055971564528,23.175208851604598,24.15943205206466,147.0305491000165
-0.28524445095865086,4.528891056406158,17.643908031952407,18.879769676638663,114.58339513051465
-1.7595201593111054,-0.43690777499684674,3.0964595109954276,4.748586246251408,28.485735044981016
0.6157534749260893,6.831574473904487,24.3434288506434,25.66175287722573,154.97178144910794
0.33410827154003103,6.343066697783456,23.973306595591172,24.941219882098043,151.9653168654278
1.097638826600703,8.195567524159214,28.614951930392756,29.979608664960924,180.9272578356194
1.2562702711260394,8.613101080938756,30.37635552252576,31.797766079431483,191.57019096744406
-1.0884665138167666,1.8510318917091555,9.9460535658056,10.6456643473803,66.82120619598858
-1.2993939795996396,1.3781215581585275,7.8685392449433635,8.799632635741819,55.02068919903071
-0.38504127135054356,3.418581199873169,13.860551426583589,14.18338556756349,89.05272597845833
0.7736922661840832,7.185126082004108,25.409368890005393,26.23609767912247,160.05047150431767
-0.1014691011969442,4.559219248566551,17.650458331316145,19.012266544044767,115.03518027790903
-0.22794046820075722,3.928351329772872,15.144121088050973,16.45694351336882,99.98726352616683
0.3924101243809944,6.453401058119042,23.258469291746742,24.74820877914302,149.00292897446158
-0.22811504217251746,4.390484729242161,17.71697072449917,17.660147582875393,111.15792607121145
0.974446230306316,8.030420431369334,28.956965395517088,28.46919333485405,177.2574699919489
0.8095454625456819,7.271995499005787,25.51569678333527,26.812126138615067,162.08066961590265
-1.192566388934787,1.1901418578735314,8.072877494198872,9.094770456466028,56.436232784878996
0.5465381233588913,6.997045701654716,24.906833345051925,25.48996614581864,156.061206408783
-1.4633290854560448,0.7263890632963739,6.003682607461885,7.057178576455954,44.29186942633694
0.27805540932034123,5.551952652990202,20.680984364879713,21.174762249638103,130.38687643272704
0.5898157395338514,6.777676361015536,23.960652477333987,24.861882348964592,151.37748528271769
1.0989277234950088,8.413593434048968,29.527517592116993,30.49378892454205,185.0835230314471
-0.3605088118425383,3.848109119532444,15.87057512243311,16.867017350902543,103.15766172112707
-0.48382593413482705,3.4896332709638207,14.663473504003347,14.7446161574049,93.17231535714909
0.5394049759877603,6.8732533824093505,24.06767436296885,25.356784263571143,153.1369137161498
1.2534651120876565,8.560988088527607,30.15341052816059,30.00153272579443,185.42913761990042
-0.2954308098043375,4.133632859665913,16.930791056499576,18.38220776757148,110.89816985464319
0.8016912546234092,7.238497183658957,25.51740370799154,26.28340033095838,160.38360031473596
-1.0992728248527808,1.7639242482138262,9.481781202591831,10.514566551893328,64.94695048554267
-0.029375452179238738,4.880874375480584,19.180558200961674,20.263260853038712,123.21361068796152
-0.6228489385248528,3.3103416505257903,13.0562807975022,14.643863051938805,88.14916172443907
-0.7285654501691502,2.8197388302661186,12.600077356249,13.826539556963114,84.17539475160547
-1.2984815317046934,1.1643349141588457,7.394701015869548,7.629319163918341,50.096711889181364
1.2714200428458171,8.766137471818983,30.416796484761498,32.269683620529236,193.2310465967276
0.9733056183915544,8.216440806004035,28.454447932376727,29.837365252262085,179.82447137229022
-1.8664860265478331,-0.34164925788793726,2.3476365719915306,4.739842934423743,26.344374533002995
-2.033141634282352,-0.9061698355348525,1.3840920226439268,2.4458954511841866,16.59404852375121
0.22512984021090482,5.92505580646466,22.872626599027505,23.416490319652688,143.9750464114319
-0.15684854374622695,4.53219097419714,17.806127458526145,18.315569760754176,113.27120683482791
-0.1288637421749223,4.581579176440628,17.667360794847777,18.27583117636259,112.7917539544511
-0.6434164775088871,3.182106471772268,14.17775954468379,13.597941164739343,88.2913569690622
1.6043761604991575,9.80679697242262,33.327317859731956,33.89740837627352,206.62139153334607
-0.7408334924131144,3.3297362317822503,14.05512451128505,14.48996828628615,90.70365381794021
-1.2993486199500404,0.987731981355243,7.5679888582005415,8.407725278242442,52.93787332019168
0.7420666477759863,6.77699120688359,24.38203052123732,25.814487677417578,155.57773743065565
-0.5373707992860762,3.233493138408087,14.085958480716762,14.797716089538417,91.56565260404943
0.066263163985912,5.248086769141103,19.566323205086217,20.420538704418238,124.843877258323
-2.892500995979584,-4.334001060783425,-9.780040268868524,-7.570709156822247,-46.98599993760682
-0.16107747779406445,4.484164307807229,17.909838728911055,19.652530993637527,117.84248933348624
-0.15723866673307646,4.244912257524538,17.217088193014096,17.480658615544932,109.02379859524905
0.584034543225647,6.844416028356853,24.810508530236675,26.48493289083211,158.8970232496259
-1.2780179735907007,1.091753422478052,7.316942237234368,7.888202175416305,50.55833564884865
-0.6076093859555395,3.029415719213993,12.54267482636495,13.924261630303864,84.42106911166908
1.2194188737946217,9.17062739686153,31.418487748174567,31.74297397793931,194.4939547923796
-0.2791649454243632,4.250277534399077,16.889074504145775,18.153412949224016,110.19589674334112
1.114573522177723,8.699088974916487,29.508425983842496,30.6339105143438,185.55625138233762
1.4670205421939853,9.755350193900282,33.321777444473994,35.64021255304592,211.90650063869128
0.38681797767399995,5.948277079834004,21.434352790978256,22.933789263737115,137.99018724809127
-1.0226559905060753,2.03674802417408,11.027840969416362,12.263709943219187,74.86701339455156
0.8558737148153707,7.6122824295213585,26.7731961860785,27.9663229594114,169.2040592700718
-0.6606557673852618,3.0550337844288618,13.04904964915411,12.967766197557099,83.08765380645352
0.7618572104471275,6.927366559304794,26.184254247772724,25.161544205720404,159.00994731006307
0.9714204751188069,7.607691992280199,26.544465491175494,28.28555765098114,169.507250296714
-1.690731500775641,0.3845755477585581,6.262483824900342,6.6886605307618785,43.79760627319957
-0.32195640515309626,4.067600690432785,16.750087450702967,17.515027952961006,107.69832603494646
0.5919232148366524,6.562611244749535,23.757914426957115,24.96445553348203,151.16916482897298
1.151522289923645,8.793514090920636,30.754201045112556,30.92315062438654,190.07410046300666
1.0169946061901292,7.867252025846919,27.336725173866338,29.37084226820241,175.15970529185688
0.7232416202687763,7.172447952506968,25.583858624689604,26.73718705273684,161.8751862586678
-1.561443061482238,0.5355227715229952,5.6395825244739175,6.360531421596837,40.87382123473004
-0.25071835460257363,4.300681703979934,17.52130314701753,18.999081823045575,114.6236145054853
0.5990601002060613,7.345746774255645,26.435491217415358,27.300112594744125,166.096395824786
1.8692766185427296,10.139685904869433,34.390614766832186,35.18207979961724,213.73237435286367
1.4544511156074953,9.446700072462239,32.46026884004406,32.8526124859618,200.93553585992456
-0.22690715414443433,4.239939292098882,16.901708830696617,16.770864478582993,105.979273022985
-0.24325854151389006,3.997341120888381,15.244067267315215,17.7031180536301,103.94798635044215
-1.5990129584660824,-0.021737339840542325,3.4636709064384013,5.142952096109992,30.9743117836375
-0.012750269241468257,5.384231369001519,19.69306681346393,21.392459912501923,128.26304852336196
-0.16042028122575805,4.822289423119343,17.71775886474953,19.716537615015596,117.44041252268082
-0.4937195065661758,3.6660463713113804,14.038018892153769,15.841897453236667,94.67492776334488
0.008969984475574434,5.028389632696592,20.01276185043954,20.742484841949565,127.35090054526994
0.3069659612648076,6.118171107334752,22.8012810168377,23.23090498327879,143.2286354210506
0.5821316236304377,6.4218826874736035,22.492342412452512,25.047859943838517,147.59186447327963
1.1154177066447089,8.178546164460258,29.178825253450913,30.24684834630602,183.251466952521
0.3139643705749706,6.169672932147581,23.460449728246967,23.706533915906007,146.3781863021041
-0.15884053110767316,4.7065409768357505,17.450708115568872,18.772329725032048,113.71634049429635
0.40854531063392857,6.550589385164189,24.126207189760507,23.695346342935757,148.3443035272483
-1.0517882186495717,1.4824544546652876,8.1023898045582,9.623019735415696,58.13910623868627
-0.1891728806280569,4.596598935579426,18.292217537598717,17.72244636666774,113.01466571600434
-1.2480463411051181,1.5343129830582425,8.454571621679355,10.00542878445299,60.350990556491226
-0.6710844736685674,2.903651968150542,12.267743206768678,13.10205177326795,81.11058877439268
0.847011612749483,7.4451306393127545,26.06581595333703,27.413549746692297,165.37831605461642
-0.9068001922792545,2.151003015270804,11.02383559599201,11.670277882289955,73.24106752518348
-1.437177444278848,0.6199165954989334,5.7709160033858105,8.137715857755376,46.67370444209407
0.00042219485417523437,4.841575594748463,19.185567895349088,19.324397054023446,120.57352564146278
1.642670113296496,9.9192829554494,33.51079535206432,35.03157079751017,210.68030644332165
0.11835821172252285,5.585073412161933,21.10440648279861,22.06352219691619,134.39966586861286
0.16575750742043768,5.658309089191481,21.067645066282985,21.971439990684384,134.17587424459217
-0.386887783224726,3.4480625397098827,14.026942708978538,15.343838302288935,93.26772330856221
0.1510605362968022,5.96661005381741,21.755373736839566,22.63217897251709,138.18586122121872
1.5476697012730596,9.892970761174317,33.66168928993285,33.9673608514068,207.96434673499678
-0.1580696150328934,4.423591883143783,16.947993092727234,17.438152468658107,108.25013831223688
0.20193457440201212,5.70389145966016,20.25579569854774,21.305690627286253,129.5993476088981
0.37629507613226476,6.256362046039268,21.898711152377643,23.759335139180465,141.99213173432128
0.558806313724471,6.41935313134265,22.53810423685138,23.434874761313864,142.85124002024457
0.43714244392875584,6.316216089613326,22.824035257500825,24.37225699022806,146.5828974698016
-0.20366266854347662,4.551276318699545,17.819790854105218,20.010232994607037,118.4683564710227
0.4862233783829214,6.349851805999403,22.484128466647338,24.09238553076568,144.7032748165479
1.0917170065325135,8.374496843029432,28.325325616886722,30.484454578506643,181.4113215070806
-0.7707719109630381,2.3927522768928253,11.099885277390612,11.902693877020363,73.84116876686225
0.6560458138405371,6.888850396218152,24.873399605819902,26.40757702813605,158.81403720932647
1.1516852182003177,8.187409012902217,28.384391899019455,29.737919700623504,179.30781747663315
-0.11622665204142942,4.367780077304523,17.84203758451294,16.514410381817584,107.95424857165985
-0.6470676929711243,3.116992590890787,12.778640524395234,13.852812249204227,84.7594759324869
0.42290066180287006,5.907697019475213,21.414099629647453,21.745871688616553,134.53820354069978
-1.0358799515990555,1.6819792770298911,9.297862347546008,9.35820630816107,60.97471777262325
-1.4803105618969477,0.7035329983072451,6.812547707482208,7.259418643767076,47.22181659241465
0.6981051308508043,6.755941075084923,23.830734175451056,24.571398100156493,150.2035323152949
-0.6255541920186098,3.2049203716124737,13.927691612837204,14.315814532789172,89.82258621067348
-0.6809265914973257,2.894738037300371,12.869321121626587,13.691472297645893,84.60392838682893
1.476737479289289,9.43845253345312,32.61075817647864,33.6598830151019,203.82995969417513
1.2961728928426615,9.405974564141829,32.36446474814674,33.71670999140517,203.2440619621231
-0.19489175545322543,4.682779506597955,17.72405131749317,18.98585563859343,115.13025770447163
0.20140476530879786,5.9557531952089535,20.975389594031768,23.35247311474004,137.93376170200747
-0.03157446517857441,4.651042616266739,17.53262850890904,18.899530289428156,114.30634712320598
-0.6822956072890225,2.6341808217013756,12.159584994896738,12.911752177703065,80.29139718425789
-0.5546966221517359,3.7129413601736223,14.772688120526547,15.923524715127778,97.04980788684045
-1.7946978675031584,-0.3201434596644087,2.8671000049432878,4.225150566786493,26.169927956083143
-1.0956224706229731,1.7532037751802794,8.914870554196547,9.787664617602866,61.06703151161465
-0.22521894083694127,4.460051711794276,17.354465879181046,18.259172614210488,111.86974989828697
0.2014085090948986,5.909730747455817,22.2717268958261,22.166493256123676,138.35936169177435
-0.027234966661884106,4.923336330913307,18.731937068835148,19.485300384812557,119.56534115239354
-2.5272341983255746,-2.4860241267247267,-3.418376890041296,-2.2725530167636396,-11.969195498922069
0.2713881169191567,6.164660066723109,22.584520765385747,23.06557219600724,142.00486240845603
-0.15889763927569614,4.481265234235998,18.02264294953222,19.882953664262562,118.75318514095545
0.64270582719939,6.612087093739128,24.36171418058146,25.34842308292428,154.04846250486526
0.7025947951883712,7.333022387610448,25.925140766011467,26.57350954427513,162.58828619583983
1.3586248777168446,9.232287077218958,31.222422654052046,32.44933355127008,195.86600135389472
0.9750740936639184,7.318157318448026,25.955767571586378,26.524195826873136,162.48289409225293
-1.433995063125041,0.5611768281419159,5.041076246381564,6.572770261726636,39.94642668241011
0.14314586494783407,5.26543600784311,19.467829418764772,21.088999857004993,126.6175382934364
-1.5837568587530155,0.6714003852485909,6.4571262787577055,7.580338190291149,47.33347292652599
-0.8766943316650614,2.581311396149408,12.112107497027466,12.16498652323969,77.71290931725001
-0.5022831314103925,3.5812286570642855,14.946947728550983,15.183476186464612,95.36985168560189
-1.2265564414613925,1.5974369250613032,9.215041191138578,9.954922509982234,62.52813087933424
0.997628558097401,7.81793472499581,27.36067874373225,27.655462536776557,170.0290038958491
0.7281042921179445,6.913033024121395,24.79536903608057,25.99785866636819,157.19099067377343
1.335698523959627,9.105169048450753,31.708677404772455,32.7925781027042,198.4702763513027
1.596403343654386,9.636642844529188,33.12296763766844,33.752588390707146,205.65494070744077
0.6005538258979791,7.030096540793437,25.15138178701713,26.20807619056139,159.14733716205168
0.5665238144235984,6.82744461242023,25.094054775899203,25.592025197324606,157.07002046110043
1.047171463144776,8.50274231736447,28.976982168452956,30.52894167660414,183.73309536041967
-0.5361180051629054,3.9789562371276332,16.306406436239698,17.350225246077525,105.99797455204055
0.05899948239437036,4.969187678601927,19.379586398270494,19.184025954530927,120.71569977021916
-1.3123125989833302,1.5114604346336937,7.937169731933545,9.146446608101993,56.307196084325525
1.1874085472355391,8.165082059823122,28.312847389311006,29.60914884992457,178.84349449325433
0.6203861670379449,6.60348366258748,24.328573245126645,25.10230274686965,153.21125860546294
-0.4319935652408618,4.0917808721201805,15.885911592110633,16.742931088900136,102.87569587156804
0.6902481325012029,7.140567289239269,25.853895989621787,26.092653305397434,160.88436006873314
-0.366313541656789,3.6737307612345846,14.64608262757317,15.761053125818263,96.055658629025
0.7329973315831596,7.082759904591673,24.31620509024939,26.698859296705557,158.05683043753953
-0.7406147868196308,2.7771990864517044,12.281883736318848,13.788223688373094,83.27923256519891
-0.009292650906215883,5.093069058287004,19.83505827969138,20.44375063002015,125.928073443245
-0.10378463809225949,4.365019170294765,15.668366092547318,17.949118343747468,105.91338383079652
-1.1277178808979962,1.8840566431829273,9.510331464881,10.56121432524655,65.22897263399314
0.8270375468676684,7.528989280880236,26.901709216986895,27.317168361966,167.64121686219906
0.5821183269767277,6.876269884077736,24.32060321091138,25.052813082329646,153.1983994838423
-1.1811117092083172,1.5271321947821006,8.754096176809284,8.80029701154384,57.69588987523508
-1.366919902425023,0.5725678371570708,6.452865385735377,7.2251799047920064,46.06700654992999
-0.21247629604181054,4.451888939735716,17.935080092034276,18.077825381989427,113.03720278814392
0.9976286484299877,8.36405835714389,29.49746352090227,30.237525519830182,184.28458373331404
-1.7517213868719574,-0.25636172208903535,3.1016766873902077,4.45847647737037,27.604598001621962
-0.5934484058910309,3.030945571103,13.402919557124964,14.501912068566368,88.75494592510411
1.7504029311134355,10.97198966615022,37.062763860715634,37.87044630550683,229.88973227006556
-1.8995691913167188,-0.586216440033306,2.519594673390511,3.0173200711016905,21.692702499746385
1.7792048519243713,10.335003786778714,35.2821524148516,35.26289294979081,216.63569507648003
0.636124595126742,6.784654387177129,24.947419300606555,26.058171447220115,157.99605858795684
1.3554789560152223,9.523327069163587,32.617261241877976,33.14580379228883,202.25926394011705
1.577310482923805,9.111174885115433,30.79182158993489,32.226841087266926,194.0853890002197
-0.5262628132533294,3.7387896844407096,14.554167945346656,16.660065093042544,98.70870731043301
-0.2784960409502745,4.435249963001147,17.46623530699383,18.287505317084413,112.24628011912573
1.513893936607796,9.63633586232559,33.52997956629355,33.581203418265154,206.2320458006162
-0.14448868002168794,5.0600509323803715,19.80816074045987,19.634341272917066,123.38602377097625
1.8749581421957349,10.645699743317659,35.99839329859938,37.28418678822305,224.86275461857016
-0.13593005098391012,4.847192138740493,18.340439358817957,19.439656911140577,118.39855683969677
-0.5458656651320754,3.3712522489616554,13.487722898363582,15.291283352892563,91.23939108483938
1.3717854295377663,9.084485341081528,31.80205044324707,32.74829722339092,198.54597383110357
1.8439822214461028,10.448327297522164,34.933595800092284,36.162910405824896,218.29328700879788
-0.44729903211693356,3.7596523737424454,14.253196692612319,16.443977898717378,97.13385628251396
-1.3796137035183775,0.6475404991502393,6.27413479714453,6.421686631996462,42.98908861441231
0.8453205056708885,7.748538343796158,27.478324609394512,28.04517528756283,171.60576626094263
1.4581843382363413,9.520252648870466,32.1543876215856,33.91796742666527,203.17060866925397
0.08312756309148972,5.206226874505071,20.176376024638827,20.412908380779133,126.78103534606144
-0.8520118357995735,2.0597250533362534,10.197579807059546,11.192499793555083,69.12725918216549
-0.7059373200937752,3.2278948009723334,13.0117153752007,14.56597943658796,87.82255452454444
-0.2614085638976396,4.2130279527365015,16.450963513947514,17.14796222932678,105.74127414155525
2.0283529377333136,11.22834322465955,37.98163894426508,38.14507175136803,233.46206682389845
-0.32783793153041846,4.553872250482519,17.72732488524137,18.372592812985783,113.25536179036988
0.05123701271321035,5.2452485078478865,19.90466078549909,19.56279807626777,123.41384743038468
1.9059948876444877,10.516662250834205,35.63545255830752,37.327249229161886,223.94122314019623
0.1321811981787082,4.8975584303936515,19.384992089686108,19.573398572695265,121.73522673573736
-0.8463565852210856,2.477132523410469,11.169010161641996,12.746549484340864,76.88226306302148
-0.4046027139511066,3.89613661440613,15.70037168498384,16.94457873570656,102.95325095444156
-1.6651429458727351,0.15210486712581447,4.919504180966595,5.628533503290223,36.636102993295744
-1.0060246855823074,2.230132716897996,10.031755188158016,11.127899616559729,68.4077041437336
-1.8528163253548458,-0.5299237478614293,1.7790538477801758,3.2783530408319437,20.21905084614671
1.2521405217829145,8.78957754149991,29.99727582995177,32.222002865571106,191.7128424862444
-0.3698540086200585,3.5847242085186712,15.168133404534869,15.538817852536184,96.93120585598238
-0.9640721986485582,2.117275908550039,9.725181029339293,11.571544641375803,68.78734773133891
-0.625742672614885,2.9398395474140036,13.416845933525826,13.26918727012703,85.05820379459621
0.8054010007328597,7.350758457273112,25.643611115045246,26.894431396342064,162.73109923644574
0.07779989147049449,5.440869183386631,20.183492109976488,21.064388633975508,128.71839580409036
0.32725860060152584,5.735604990774516,20.927653301735468,21.861942131268194,133.30264478565232
1.4786839640498974,9.813099859638772,33.05528263498906,34.01019664958813,206.14798812437058
0.6011072097214215,6.303324171252931,22.883098913079966,24.24790792864693,146.55687573559385
-0.508881015980136,3.6247590758771535,15.30417539470847,16.261213204293522,99.71033669321834
0.3920686656692044,5.950390486539252,21.445612070649954,24.052449554160972,141.5011315833846
-1.1190159924057668,1.2625539836837512,8.192725402768355,8.220302025206248,54.20578813076895
-0.5051709152025813,3.6441599195308934,14.581199948158782,16.17561763601786,97.39281769508132
0.45394857458312954,6.309772543338697,22.67925140043216,25.198557276716723,148.64983118458753
0.553649739993486,6.457673503372337,23.350182026919228,24.43558741869773,148.3242539534234
3.082766052003005,14.617010108639853,47.39215921038028,48.880775674251204,293.9505097021366
0.0848311072429346,4.566569215981241,18.702964958548456,19.862496129648438,120.58800946328948
2.2939335506334024,11.289546339821563,37.46956515208129,39.330118284503584,235.29257224320395
-1.106302836822487,1.3899719742033159,8.939111237647847,8.781418064002812,58.215969632491685
-0.45153358776646607,3.8289750852544033,15.332760971905632,17.323658233742368,102.94950505500111
0.1564767642099819,5.710072779460978,20.850254853594386,21.950110475426815,133.3837331255861
-0.5761543541450568,2.4609070597294465,11.553318855278963,12.458636978065723,77.04135841854787
0.21491721757301602,5.352546774124211,20.520738263984274,20.16419731314177,127.10069038909907
-0.5463767597211077,2.5790755616779184,11.396906480180162,13.688135700040593,80.3218853216126
-1.31841670587474,1.1000678365505894,7.692468130474819,7.633014534211911,51.00087778320389
-0.8999468461897815,1.8705645769535515,10.049685891455974,10.74430977141042,67.42631301961158
-1.319967018902761,0.9191108383184885,7.11620562506856,8.433909037513047,51.64859694797773
0.1157435962009134,5.779473794187195,21.36460716023171,22.914447524535063,137.7659846955528
0.6798944403819306,6.668261653189525,24.198486919126715,24.26367340515909,150.3517428777994
0.2765613567771219,5.58846650261851,21.169487335128846,21.436772659529424,132.7794349482331
0.5450958010757452,6.6483304066824305,24.502205846556638,25.229363923058585,154.18347925141543
0.40817700687339487,6.112354116136715,22.314924693632758,22.902435026437043,140.69468034153837
-0.6125176936776021,3.021118621487129,12.324256588887717,14.830041822735051,86.50064500484257
0.2460552725373878,6.279282246179499,22.72544023057007,24.19240232911464,145.86525891671934
0.9176979364560741,7.474414285129341,26.64624424081481,27.984348988771576,168.8844291476402
-0.39385646486533804,3.4149267968414794,14.870487244499305,15.854567038970995,97.2227372744708
1.1142615566941834,8.146030240964333,28.255325608442817,28.97094299469154,176.6854316945697
-1.2613666625677933,0.8993844353780054,7.831740196478814,8.393878664365635,53.745479552424655
1.960619215438954,10.794308778630834,35.54745315295128,37.49772454009643,224.0891998215124
0.48923389612452556,6.810709591689245,24.6260844960483,25.603923008662438,155.59373716093927
-0.8889328997004713,2.2184705156213624,10.25540709454393,11.049309665469043,68.93333227451507
3.1648854247176206,14.692071725366345,48.3699396242063,49.853808303037766,299.7153371367358
1.3746339499996894,9.391768640645502,32.84376962050084,33.72575582249279,204.65122944160717
2.524387317149982,12.57718725412952,42.04545928351588,43.11409906142309,260.7402951693341
0.7728161493534481,7.0487041847948815,25.189555582538883,26.9905326119253,161.58740730020116
-1.357565745861358,1.3802784335974907,8.09750487104841,10.274913972137016,60.13295530806891
0.3671813500790084,5.843379174775136,22.123893052816843,22.280721374284397,138.26779868991127
-0.20436263019287845,4.577630528064162,17.657647072397022,17.85153219214017,111.5294759294237
0.5403433574645643,6.8558747495881915,25.5437517556417,26.03799709042305,159.87312768282248
-0.5949765306610413,3.9394623176931214,16.62649934808256,17.04099575187423,106.04611939495254
1.72402952750556,9.31827068078369,31.712560662370173,32.97876390842622,199.19316427683643
-0.624971064106906,3.186210870034857,13.50480298888616,15.137002431294201,90.93229492177095
-1.2892302238775482,0.8836053355827858,5.913876421754848,7.546215413493194,45.35506892890439
-1.511943049614692,0.45427438349338545,4.953786672701893,5.966833433310272,37.715059095630956
-0.2697456464666472,4.0071916442341635,16.74845625824379,16.6512242007973,105.2003779326365
-0.11353790665843624,4.308335815254621,18.037037910067617,18.526397610307015,114.71710202184376
-1.2508112120678607,1.3132095901644698,8.204113299330679,9.093602883060774,56.81108074300918
0.5624946721765164,6.735075077574394,23.300372245088226,24.989334460979364,149.88782920174495
-1.435162479478453,0.875261301324415,6.437020042400142,7.21943586881207,45.97467036085085
0.11212837550245465,5.06844616395834,19.33370015426135,20.417151625312737,124.25954538661469
2.2907697941585816,11.644872572124948,39.142083977102956,40.40112678564085,243.5954147684423
0.06328967936679523,5.605873410710549,20.32277813643333,21.015264781669945,129.11802666804277
-0.13113613884876063,4.438252853457432,17.327998812959596,17.595669519087128,109.61616134788835
-1.4407365817995408,0.7387966155589943,5.296386654712794,6.043982373159009,39.07083850026791
1.5156098891436223,9.22504898511521,32.2590762041021,33.265361826898264,201.61245304615093
-1.4687972011827581,0.9799884933005925,7.294475551686619,7.993973090752027,50.82450595784552
1.5051457812347488,9.551861775048533,32.56768857962051,33.46216383954877,203.09631215900365
-0.8921227507354718,2.3634981612195416,11.14231505470438,12.198537870943895,75.00127254790011
1.3564753648343975,9.1255391520055,32.11396936346785,32.9161657695545,199.9728088276944
-0.6534913361475517,3.05678034242833,14.159392147110797,14.454182501350429,90.91078347859711
-0.6775965653922174,2.949563262926022,12.339531321181884,13.060102458783453,81.35345230319633
-0.5328726070939303,3.301422370089767,14.105372880700665,14.221686686695481,89.96216427031482
0.19727519170942165,5.409398444556539,21.11337355795813,20.87841649741476,130.90838219888357
0.04444583916194792,5.329617966608857,19.880196905881235,21.68028243926264,129.68566519002275
1.1672685930132696,8.416114727620673,29.68953734688171,30.36488097121829,185.21175642036476
-1.031641304414661,2.1215373688387293,10.333198627217499,12.071091261209455,72.22945716701935
1.408407171209791,9.286402552143857,33.046292840150095,33.18152875529461,203.69210286985154
-0.6425229563233608,2.8734086445540266,13.474865845397995,14.71673878012792,89.57726346811857
0.9045450229538997,8.153297688344692,27.990326469081594,28.22566615090841,173.63065381564115
-0.957623452462325,2.260487674440983,10.06871750202955,11.953997902979625,70.88718967339977
-0.3215394320277874,3.99067512612791,15.96775790581498,18.25099111662203,107.55591052831231
1.1687637745675252,8.624134292723735,29.622972443532383,30.413408606625705,185.19726558789554
1.878439572674533,10.935121223991361,36.804027997721995,37.71278327163719,228.68348404597518
-1.132549328320419,1.6946410978242912,8.74893568916011,10.603730279810812,62.99497458522364
-1.9569137864750321,-0.7367976048398471,1.344552378333512,2.578163205212542,16.73625754056951
-1.3609900653933644,0.7756731808450961,6.450026734327175,6.958149319228868,45.13826202003576
-1.789119297827225,-0.42157961841424296,2.770917087030333,4.001467744070327,25.348155043332643
0.15735578647901965,5.545909557921844,21.571079612065684,20.245672673285405,130.3096911974779
-0.14297827061627727,4.506353125345093,17.527225348354328,18.341798716177962,112.76011272630663
0.02591314724644092,5.301050729729377,19.680962271596698,20.898254275408533,126.56548324793114
0.6978894813621415,7.289899692431962,25.48845492108329,27.574474937906707,164.21735118096757
-0.23132634680538705,3.6115236084806117,15.158740579496607,15.401922161027928,96.65034974983388
-0.8107844744142049,2.607651185814226,12.170709376864798,13.740985994367994,82.78538397695503
0.3836450943611032,6.473586515808622,23.46170712663877,24.9788370220165,150.34051181475795
-2.035512870306223,-1.3495732232467674,0.036996441176466,0.6958009376611607,7.116370737957516
-1.3694590943358589,0.7085730123998526,6.742776854284093,7.461118016840301,47.56063630617967
-1.5240400227026065,-0.0661213591915027,4.054140311525498,4.973155740578115,32.14323331314509
0.26018111293788054,5.662409401389595,20.34460608459881,22.59100871743935,133.79285221102535
1.0275004419290568,7.925328853886284,28.29841989158357,28.72463659204541,176.1075652582795
-1.0785468879374347,1.5565399998667147,9.578829137078104,10.462007791882838,65.16418828703328
0.04517495310265939,5.207113702727942,19.882326694764252,20.59917343376244,126.47654041440484
-0.3734411911458996,3.929701293639225,15.652067830034945,17.76970038046453,105.2173555444184
0.44275827075957497,6.701407967216359,23.441507249124392,24.024891689828127,147.40566805934697
-0.7786071399388064,2.914404929833152,12.408657892437542,13.428515596368804,82.45204966186775
0.038581465217781406,5.368748558334243,20.474967872566324,20.640832138315798,128.2527135191316
0.045335026061265105,5.291238045189025,19.525059291922272,21.30474102380837,127.40655632525298
0.8352294552082019,7.376616158521634,27.359799185563098,26.598956163643965,166.96613790922666
-0.38206541022948615,3.5807051003974744,14.008389304361556,16.045610110107837,95.09870620822015
-0.10121487758581255,4.612827176182317,19.46630656372872,17.971350679411987,117.28877836113635
-0.4951289037826624,3.7773178197002104,15.000705435133941,16.141118157868643,98.50665375457906
1.9884028007157073,11.358459341436012,38.189623722141306,38.977692488792094,236.40168260798447
-0.6006852209510094,3.05431218039547,13.941946201095513,14.61466509802216,90.76831206964941
-0.12103130761349892,4.901979347517174,18.64532887092009,20.183353123260016,121.59888980536563
1.8999428499029827,10.367054402692405,34.35499448329934,36.42843396992917,217.27298779473546
-0.9992445806370683,2.137405770684776,11.1213398408314,10.538854312596937,70.11131244763412
0.41097319039247837,6.536808751354936,23.840737527536927,24.735072911815358,150.8103869033527
-1.6850033675633,-0.03155332326328671,4.056069072407211,5.532920075431635,33.8176172466531
1.0226619924903966,8.054731214704612,28.40624140385944,28.369284343730996,175.29685952102366
-0.45551746455032915,3.8100982621615005,15.81325974064386,16.37246321678318,101.58124245669434
0.6096477783864607,6.836457097296378,24.185431059513096,26.34972510610485,156.71109992005387
0.27140500528721334,5.532713674051171,20.510129179566167,21.973348441403505,132.29168007010148
-0.7458732048856592,3.0268374184862625,12.764512913575821,14.994825112316478,88.41581029246835
-0.434323553467585,3.983397784144085,16.43857610544041,16.718282474501986,104.5618468133951
-0.6906605994590861,3.1834516232792316,13.168730373544793,14.136801034155997,86.92480215173231
-1.6695129865554164,0.2692442764061717,4.190893786244711,6.359620673906913,36.639564541174764
-0.7667952285883196,2.5690557095999167,11.177106734420011,13.167376239421268,77.99778180690437
0.22129218958513308,5.379141338611077,20.530783985450604,21.56167192048463,131.22695270690514
-0.8626791833086533,2.556381208530952,11.439299315341692,11.814977124210298,74.732247923273
0.3586915803100246,6.185878557214765,23.358169649681766,22.194803312234917,141.73598202375004
-1.1060055871240595,1.9847742110498645,10.325564301245272,11.29563645557866,69.7749476218373
-2.6037284304080215,-2.452895992420294,-2.7330515043662196,-2.6151606398503384,-11.10087611690561
0.78875911805649,7.416476316392962,25.96378889620225,26.37406972216552,162.1016494147216
0.19274418829554368,5.442216371972861,21.542935870457672,21.93208902791027,135.4806581998467
-2.329323021178902,-2.399682779555817,-3.540606717631208,-2.567835127778098,-13.367657761686043
-2.075830929335438,-1.5687029283483893,-0.5671960540808179,1.8843503983800602,9.029505768211576
0.19357143720170847,5.74758561498236,21.63568831652384,22.165158275663295,136.46663446068132
0.6433363472287644,6.917862900900546,25.717393712083325,25.6628078726907,159.19334903299068
-0.004318006795835202,4.939294115196737,17.647526805520418,20.474731155376247,119.4155932927334
-0.012382319334797618,4.502658525260886,17.416144968231688,19.350873665514893,115.2706748183096
-0.026539802676651424,4.818771119320944,19.066594712243752,19.548035493606065,120.8475513929533
0.19890136711964904,5.612651063433043,21.97012969266172,21.773438977519543,136.2649516426534
0.33896506972401674,6.125588703630519,21.91631670658381,23.040411640690248,139.87731141896742
-2.1327638002441187,-1.9309255798706055,-1.7421962419850954,-1.0397609529382443,-3.35893510025174
-1.3916548899745096,1.2267685340133376,6.3494765382174485,8.297545380903703,48.960895978678884
-1.5402561391662846,0.28043400283341974,4.457256537292904,6.9345013760114105,39.23365879964282
0.7133418725215964,7.405896798547129,25.942949559688376,27.83604976944824,166.45439412893117
0.5508740092111342,6.809156747588071,23.749495537659612,25.39165586710834,152.44626221097133
1.4410316631876972,9.278556033967208,32.34173181294024,33.32681024062647,201.94700346268243
2.4089954761259,11.832361317098021,38.77358040152787,39.775008985184954,240.64018466670473
-0.9054746639900793,2.007512581128701,9.438887625100078,10.91492898856192,66.1273513261256
-0.6006672328962923,3.1309267569564643,13.592517487637934,13.464278631819266,86.07880624418581
1.1209897334944419,8.107110852891742,28.283207099663834,29.38551459119245,177.95552401442936
-2.928696780808271,-3.9145460694269816,-8.364181527775687,-5.998562058388773,-38.04242302062671
-0.15499454186469774,4.4622903049690015,17.35248260680317,19.0882639113695,114.32763347565285
0.02374536084455439,4.52187943288735,17.38864243428791,18.69827061636517,113.20698597846584
2.348183946537399,12.358548826387906,41.20824260986311,42.12971549536318,255.05493096974706
-0.7929564430544944,2.338094579816971,11.704406712211926,11.20128694073611,73.59098322137005
-0.6218422844081392,3.1928782427659232,13.681349328118339,14.934339068266478,90.67142258219612
-0.10622916772785643,4.585523396219656,16.83251821010361,18.377434150555676,110.61889943730259
-1.5518541925132912,0.509105793440303,5.309760258623441,7.171005374428057,42.31839203233315
-1.0290759889914982,1.5029620784610644,8.584513875653629,9.254783206508993,58.54720079717564
-2.1268667603410876,-1.6541323844977276,-1.394910904109244,1.033746338804229,3.8319185813083942
-0.2854721204957138,4.417425630258411,17.746753165872168,19.1361891104494,115.69811070678739
1.3611662677437966,8.91883951909019,31.46214966598151,31.52895984188279,194.0297138702392
-1.183266653216377,1.3852926957368266,7.791423300304003,8.720100006960019,54.45318858666791
0.08255987539622474,4.853127077601309,18.369449824155723,20.26923620111781,121.02442409140794
-0.1973717101877339,4.272870969048188,17.712139385331593,18.140619961143944,112.61375400861168
0.8670008776314025,7.419460460970116,26.309329712443464,27.790039781065254,167.22874394107123
-1.3823209290509726,0.6632819764303014,5.664086803134412,6.561930187100012,41.632166664365634
-0.38195280631626516,3.824025528472469,15.192285952561864,16.77179875617697,100.93207464188225
1.8232096248353258,10.5283597967832,36.04539685241234,36.45789003679329,222.63668655007476
-0.18868721298217753,4.066727813301969,16.536545269347414,16.216918655034625,103.37854321139464
0.8611774761256602,7.544138278257124,26.826232744193405,27.05819177279548,166.5468043345398
-0.2975642955735481,3.985565357894962,16.646977218816602,17.72949515061305,108.1730048522236
0.5658937252916395,6.865755414126768,25.056701264149318,24.397500432334148,153.29404957013804
-1.7557735043073048,-0.4970958752863585,2.755750791584313,3.1220656842237418,22.65832904125193
-1.0592412564239477,1.5180824420243642,8.410174840160398,9.72964666378155,59.35591253463017
0.0964047903583501,4.957042201616456,19.528048337043874,19.61946789774053,122.39201661290296
-0.174454699268178,4.434203091989516,17.065698858814358,18.534542300333662,111.80075890007737
-0.08746216319166884,4.204532986779493,17.11913782870491,17.27319637339738,108.27888439508955
-1.357350882469891,0.8124234409541257,5.699894610209463,7.365810292071933,44.29198496663128
-0.9847514147624329,1.698601381891511,9.433522502509666,9.661960967285923,62.337346247285815
1.6617683926843698,9.726375473349261,33.44202971748136,35.06877571722483,210.53099031925055
-0.1758786038997423,4.90992097119706,18.383377238460284,18.845817517645326,116.68550579536146
-0.5721080346722159,3.3206264322946892,15.091272758432842,15.707637254383654,97.53242384188218
-0.7786851484611405,2.7799085025823986,11.937039572555884,14.055853436130334,83.08415441525844
-1.2755042254002744,1.029990396247343,7.215927307348564,8.598092294586287,52.329607836066536
-0.4359465966506066,3.7268729950534834,15.99650593546306,16.859240924398655,103.59019060197902
-1.6810102667221394,-0.2595947943191373,3.4212463140561056,4.570919088028472,28.947287831085728
-0.5883890909272234,2.9730692632694518,12.53223444102955,14.241377203349545,85.37127764159413
-0.49430552231154273,3.181573352793186,12.850119574572547,14.31566032681186,86.52073751581091
2.145814512265951,11.383071327078378,38.058120446444164,39.12182013972967,236.4815048872927
0.39039213629849584,5.959351487789836,23.02452112851935,22.092825715714643,140.37327796200654
-1.420380731617675,0.39694038350371924,4.984692323303089,6.432186511730966,39.28881266845277
-1.5468246504121277,0.26728424004617896,5.7027299922425225,6.401592501779881,41.36725073134096
-1.2013832010237753,1.7018172839912924,8.587044137204636,10.20893830663893,61.468460148092326
-0.860363617850083,2.210046426064462,10.666980961314232,11.453270163325897,71.44468732357412
-0.5475863334794011,3.1602093973555325,13.166058478428736,13.70506322457226,85.49194190440183
0.5226213892907241,6.724214921823429,23.357873757396234,25.418632768605686,151.34371909634103
0.8782487267592355,7.411067398688166,26.42390090596778,27.120390193368156,165.62255998466802
-0.4496272030137812,3.3836423948454426,13.91433354216495,15.619604646896615,93.6452200739617
1.34293366848977,9.063132997471088,30.534910716676528,32.210291697724735,193.18330820122125
0.017562619332078772,4.795871350478748,17.664034490949017,18.73647411063001,114.32983679444028
0.7601062057163532,7.135606578813485,25.332709740095616,25.914543626769206,158.66779464727122
-1.2578211741407572,1.2002835982663558,7.787894047526142,8.492931431462242,53.94408056742076
-1.5991048352806976,0.4432458442087729,4.904237701062355,5.562578964784419,36.35834746277
-0.7099575756069604,2.5827359773507634,12.770123365713763,12.773739157513614,81.57108095438583
1.4113766242719579,9.06673273239408,31.29944645050755,31.64026120986157,193.91756777894855
-0.6455520816941208,2.3637773007878304,10.214981889910362,12.062648468010952,71.83791089992555
-0.2540522986274409,4.044804708698743,15.301062704056122,17.160360978757794,102.32339215257441
0.38577097165427315,6.155152419774945,22.193054523932904,23.415275399394634,141.88390089981206
-0.7882399725930792,2.7356609223932713,12.401738834726899,12.922698105179002,81.03352019331152
-2.490359636001401,-3.1642616343368046,-5.705572511131303,-4.253344887036062,-24.894899889735857
0.47228970921171975,6.520182193867031,23.72002142239221,25.018360872694263,151.2764470655541
-1.4668757593482176,0.7293529080789882,6.2478523308441,7.402067169314377,46.10217706829505
1.2415754115849076,8.42849804774322,28.865691649323885,29.37987994470199,179.66202392925544
0.767161535377984,7.342347178024556,26.17989906537388,26.407910168932297,162.7777257495077
0.13181771687589888,5.818804288678949,21.736018276560333,22.485552969939036,137.68226556126433
0.9273846029933002,7.142657748238223,25.5160259648115,26.56300121651809,161.2879074787536
-0.8052186216519531,2.5562816504245114,11.909970092648969,13.100186683540395,80.00489011138886
-1.0820319633359552,2.3274820809815346,10.780314009508425,12.491222570858334,74.89990154627951
-1.6997712204985105,0.41416252704566225,4.931607415279379,6.003163835260998,37.82977264353134
-0.8677928190042704,2.3152291864502192,10.863908179817487,12.08990730658926,73.85370707635377
0.6748513955305772,6.728160116652495,23.8939666133798,25.435818257403632,152.87984971587224
-0.8590519673965616,2.5277069439161104,12.678381024847516,12.131377617360748,79.4453137295554
0.9230374443566005,7.9472481456754664,27.84263385873324,28.990314229814924,175.47903358867654
0.7315833869803946,6.582411352998754,23.644159863789277,24.998659246200198,151.05061600298325
0.9154691354243635,7.29125853491347,26.028632759575164,26.155342087429485,161.59061588486017
-2.0283037993141697,-1.0380442592863415,0.7643524393311767,1.8337368541995471,12.931887607590209
-0.4324205436627223,3.1162252478597963,13.93129807614528,14.688078726298695,90.91953515494606
0.7002058379283799,7.066848866750579,24.870637253891683,25.40122393602976,155.97667061501997
0.14886923328900895,5.722631112093821,21.295472325398276,22.44209058059189,136.34768206456764
0.41188269702540803,6.417491396426746,24.4005934230381,23.980458430472623,150.20470748182277
0.1406417293296376,5.987399154498357,22.030123394537693,23.132140205275668,140.54349415378886
-0.1699053806202267,4.376397665154305,16.951148179477467,17.111818137017348,107.17396852214334
0.2439274238900944,5.277107275525805,19.6886448011721,19.886321727105507,123.76924841986042
1.1621056347607703,8.406479006093702,29.279576543050855,29.983693306922206,182.7491206494627
0.6522421852164002,6.706155463927793,25.051919226473043,24.955105453091853,155.08326416889446
-1.5426081491592436,0.6254981423634982,5.5069413532567415,6.60991606460955,41.347441795185276
1.3973816198669433,8.394362392791283,29.321880318411978,31.26345462111571,186.7714824675688
0.10018313329013871,5.747302872059745,21.412878293822807,22.09054357597519,135.60231767108078
0.508024739555513,6.479545589898206,24.479646678420227,24.45559104848838,151.66558395363128
0.372692721150374,5.845085288585422,20.55559128165448,22.446443574793943,133.92844424023943
1.1361511645298774,8.616758826625853,30.489661151647233,30.069070856769347,186.77539423436474
-1.030032429071147,2.308406189619901,11.145631440387342,12.535893333479308,75.87902832140574
0.07017730689543548,5.010506175494496,18.471912198657503,20.48180489818953,121.84122125052069
1.3883890978559121,8.954554207017363,30.629707378903973,32.182142026896926,193.37629722916822
-0.6650796797986367,3.0837714410258945,12.911252656518386,13.688358878901841,84.8573140778481
1.022283596371391,7.785254202363088,27.52926752618368,28.680696412303075,173.74603756151924
0.6037980509150862,6.500175601247735,22.729984633847966,24.530925234444528,146.83638310616928
-1.2510782615394487,1.3408939748916961,7.871433944470844,9.27171546564919,56.44387027560667
-1.4393176583109581,0.6019847780744135,6.052821578862911,6.681220400657568,43.19577610970546
-0.6495571501691959,2.626067484330025,12.134371757780725,13.49134074680813,81.96003213732934
0.9930998004377295,7.756841171449409,26.986422580479868,28.626723768355046,171.89227846182396
-1.2890440680834174,1.3562296091069184,8.630805576071895,7.923479435323638,54.633611121572876
-0.006483678529754632,4.61519213952214,17.743020373376503,18.51139509875278,113.70320710419286
-0.6295955772748452,3.36148311580421,14.14881965938666,15.047829594589787,92.6168834903011
-0.11894816838951618,4.664839787375166,17.912514393881214,18.318833629262794,113.64819423002643
-0.1012033290087896,5.141025359452756,19.770485333912315,20.202629699714464,124.91604292630772
