0,1,2,3
0.7855584389376957,0.04367581894411923,0.3997930401090295,0.19007195586552322
-0.4843502651093267,0.21713113437070888,0.7540168858222488,0.4860083698370262
-0.1842960600668153,0.17267688918126778,-0.35828799229098607,0.01844364593474275
-0.032991117657598885,-0.32534779988030427,0.5051832478675763,-0.2256212262668842
0.9721666543805373,-0.5436416450050756,-2.148327041669415,-0.21088566291283997
0.3749411842390517,-0.0577978920474306,-0.14701038609477932,-0.5048470655647387
-0.27248954813804294,0.4712612459496241,-0.9449042067393804,0.08955471895709352
0.5352688571933588,-0.36928346014469116,-1.3929997140842036,-0.36477086269775977
-1.3729012573237551,0.17756184474486902,-0.9382606696726635,-0.033801201495727684
0.2603953583275255,0.1803178468125419,-0.25771246654522795,-0.10208295297437162
1.0835454062260816,-0.6672692198140522,-1.1358479067914227,-0.9428080151920144
-1.2503373112378726,0.24578155770282367,-0.3845900782575288,0.3290850408977618
0.5096150268511839,-0.5235848015993191,-0.8696498478232153,-0.3792519613583741
-0.3952622590461847,0.03806625434701176,0.49970527369317025,0.08639365428684635
0.40714537076981244,0.08063713182389108,-1.2640308329485084,0.5492005396649646
-0.3641079053132476,0.764200440341027,-0.3483843621010848,0.15567363889428865
0.7886170259356144,-0.872540672490492,-1.1230822230376456,-0.5869364024222787
0.5414840987969568,0.09405040840519388,1.712555538145331,0.4071731638441419
-0.7733356045826533,0.2623765261485199,0.7745331927413538,0.14571158239572937
0.35280514491198084,-0.525902341515472,-0.02249426145369139,-0.30820058130704575
0.2650918319261535,-0.5464899581422649,-0.5021707979400039,-0.05367220608906054
-1.3886060108786833,0.005512412722584348,-0.059407042922921996,0.040055885255845594
-1.6989819042340024,0.5259000963957403,1.0767121587198991,0.057391936185630654
0.7120669351002432,-0.37768527916647837,1.4869004623569246,-0.9040740929010677
0.0107819812537046,-0.10608784365500315,1.5861637968472249,0.14188043628287614
0.5793980274434187,-0.2422869071198675,-0.3390194692553238,-0.2939904514678183
0.7220377826931658,-0.262058686203717,0.6148620975051416,-0.5758069869103002
0.5747442906700702,-0.07103831448513782,-1.61062875272174,-0.04997231067931262
-0.30490547787585265,0.039913207571768444,-0.4572407199794202,-0.14582700906907645
-1.0219709801295465,0.9410291112326984,0.5945276799069031,0.3057622549860368
-1.8054604625033595,0.6623087359310652,-1.186806887440101,0.3594235203173453
-0.5207056637205972,-0.0983808454247308,0.2686043626990177,0.1477917414031202
-0.3038132216627983,0.48909674116416263,-0.1622840889102784,0.30433026956691994
0.31012990964200077,-0.0910844261940775,0.2796401797130221,0.4051613671645898
-2.0961035915285544,0.4759318602641691,-0.3118551965246672,0.8164256917303774
0.5107280210508397,-0.12994351091338222,0.59189577601152,0.5915483733453025
-0.22107841528361144,-0.4038126489222648,-1.629387609580828,-0.5045898686177455
0.19201754364255305,-0.1317860415831351,2.0174343816505553,-0.07454106757289525
-1.051402929359075,0.2293820814912712,-1.5508754058809517,-0.07548902184174167
0.2671937801270581,-0.06042425404236898,-0.3641664883925958,0.17871016285380062
-0.6250420518328884,-0.02343063682139923,0.8351388511999608,0.7682355855341909
0.08539671835731907,0.47178200543096854,-1.4238386985603895,-0.5545064915975642
-1.408406921860786,0.5517640922820217,-1.5170189214550525,0.6020436629306842
1.5845652634470198,-0.9283000219879263,-0.36631175250859493,-0.6911041751844904
0.43409653126370507,0.15771746519623958,-0.7887445794703767,0.7020056987778518
-0.16561023408697587,0.017208299379191626,-0.22483869730959316,0.03430740749104193
-0.1976205347613837,0.6575996732886278,1.3981966638900054,0.7277920493994618
-0.18730794060503297,0.45322423877801177,-0.9453348796797814,0.12009911529961645
-0.634020319260416,-0.2393725248850353,-0.38912839182431574,-0.0810008141901285
-0.5024009248363285,0.19879740139287935,0.7272858185060074,0.331577599964048
-1.2046275411472727,0.5166126397390713,-0.18566252460704039,-0.08446118600697122
0.24461241769836878,0.22073215221193532,0.47335122055314605,-0.22784273720020548
0.9740220060624931,-0.10230106880731077,1.1759088825619388,-0.2518461856002735
-1.2347891858696909,0.47501264848895663,0.26119823789771124,-0.05943825708218636
0.4047760728318161,0.3433506275023337,0.24204365927044655,0.803862414761676
1.7136880236561054,-0.6527886297416432,-0.988706054650501,-0.743088046859153
0.1933630304111776,-0.09156017786035126,0.5518937853189749,0.5295109554024968
-0.3116316019435228,0.7292744270239995,3.0242978601588058,0.8705792813817397
-0.7799655781616063,0.1579350939150975,0.8023980981397242,0.2812420839944285
-0.18504350833810673,-0.05308155631007547,1.1238431057804747,0.29492740112031823
0.7899523159217395,-0.007027172476729404,-0.19437014893632348,-0.07695667820240093
0.23099670954627793,-0.18913692708552327,0.021727639691690604,-0.6432865575135263
-2.660534522865403,0.7193711315886583,-1.4193774650067932,0.9267021364209906
0.2685013028599081,0.0932448113415077,-0.11177809044911345,0.06242630832969526
-1.2718454490896718,0.18123270134200156,0.5079501424667361,0.05333940532900683
-0.008907583597431152,0.1349255387418992,-0.8852978899273266,0.08916500160416786
-0.3063871828003866,-0.13520850620861946,-0.034849649800015,-0.4302814742704585
-1.3873033606729346,0.708321742829989,1.1026739666185588,0.777293801293721
-0.992247165010369,0.4125772448792531,0.008006733793838499,0.490786091622271
-1.1023894754151604,-0.23386718908173476,-0.9106740728438272,0.27848799319448625
-0.3528485447546219,0.4505529459722261,0.5072924258381115,0.1639371914849388
-0.448845734707832,0.3998340191938014,-0.2894655915988014,0.10019254390675342
-0.04523954936511739,-0.3204660219247959,-3.1613875126891893,0.06829261513610602
1.3558480832219564,-0.5566488026494919,-0.11687667868494565,-0.6256783554187525
0.2862988705660209,-0.22222077819244151,-1.4118567621093154,0.07535664913606957
1.6806627004051518,0.4026293223458655,-0.640270450237472,0.10132875601147093
0.9838938914057578,-0.005451341786136543,0.4415693223944107,-0.06363342899141286
-0.9276885946109957,0.03831703814915746,1.6421364789126778,0.2453873326929678
0.2915254693193508,0.03289912459612336,-0.4923581613734221,-0.31029874061642804
1.0022547197653415,-0.29653036681328176,-0.5560112089626412,-0.33613694076939726
0.9472961541890824,-0.07574991164748537,-0.530748137284463,-0.31027382838603756
0.797170282886819,-0.2679801528877085,-0.018642545596276264,-0.1540356987478373
0.3419132603103735,-0.4133763894109836,-0.024179904953826027,-0.8033243948167679
-0.05876683222478167,-0.23067732732728027,0.4019460868353306,-0.3742486878687996
0.9383261745997091,-0.4587595153296258,0.06454028842625627,-0.04934993540199867
0.822387507801311,-1.0624179402318386,1.7718402063122334,-0.32486361632937616
0.8210640166612511,-0.31975013049021894,0.7017754892516113,-0.7027749430641211
-0.340543792681971,-0.5258944816842325,0.6425036519890778,0.1403084854853564
-0.20849783449104184,0.465621937110956,-0.810234810873538,0.36516093858666576
2.6923298832821767,-0.9124946856201269,-2.316181362473246,-0.2000168060341158
0.5261625602760142,-0.01739273238916597,1.4089299985783377,-0.3183758589233175
0.08299424132419508,0.16064036076651325,0.8280712874456901,0.35295782987272467
0.8446111555681418,-0.03608872755275511,-2.524317912012168,0.28892720757456086
1.3903651963494035,-0.7178266695177986,0.05244889016489518,-0.5416405356103209
-0.5107483358533675,-0.152774585098847,-2.159303199559614,-0.26416459842022033
-1.4295256448937907,-0.2516868666857308,0.3402908041610501,-0.15933496877746328
-0.32821506317936494,-0.2548839998252446,-0.17403276166446122,-0.47047566149452696
-0.6368373299859221,0.23285076622238451,0.36113929123019634,-0.1510450761949925
1.0695491856052834,-0.10057827970304128,-0.49119349420924896,-0.1988886343515685
-2.2434519299749955,0.34212846534962016,0.5174171334332179,0.09051907071519898
-0.6342764728755074,0.32161400558881703,-0.8906313886102879,0.5401781681414595
0.6094490403155479,0.4978053747160942,0.30296923331228015,0.25762020009203723
-0.7444450667586227,0.24490778303040683,1.2278175778654188,0.03141351575670909
0.6797659014240016,-0.6359786043783969,-0.0563855469297054,-0.8087651618724169
1.197528006776226,-0.6695249763039467,-0.4502446692762463,-0.20477267044771366
-0.9665290890502445,-0.5984322198306669,-0.8527296266077452,-0.22258847622852343
0.9906122727919459,-1.0013668564309735,-0.9411866426921723,-0.6123225236452254
-1.0133815701783413,-0.12350476183442072,-0.04815298209436275,0.1455959101158507
-0.7236082851924877,0.16656329000576944,0.15304923924054234,-0.25136660908662956
-2.501624707281167,0.7825261307424104,-0.7331057460827665,0.31915501914206934
-1.5864476097948326,0.3435367993102007,0.9022524360577671,0.32271360791585846
0.1785723158542323,0.5456076410402367,-1.061949747507343,0.40454069486951977
1.5038275447647553,-0.2134515983985298,-1.298717410594937,0.21575313436429122
-0.6256077423848956,0.699788836525202,2.454446844922036,-0.032414161334864855
0.20025159056305994,-0.08567559586136848,-1.951296197528335,0.02619421287637321
0.16579345095498263,-0.014910160438927643,-1.6965551834791714,-0.09933836713206429
2.0994800505194413,-0.6669829962662736,-1.1262981312855778,-0.33362900282463304
1.1998576312435336,-0.2719941805184427,0.9164453064452731,-0.6604867840266208
-0.24768961991600144,-0.05090176832718314,0.3720059105439189,0.11258399170318131
1.4564271927839674,-0.6319911906565507,0.8501900318989807,-0.1770469889486001
-2.6935004691991686,0.855055721597871,-0.6518025160411401,2.4158997410372862e-06
0.9808035163359766,0.07190652837779088,-0.8961301565885189,0.18618981429056813
1.1453280699756176,-0.3936588721366148,1.6156375416207456,-0.40134244124974805
-0.12064974010270378,0.05525433321268855,-0.07867968397478867,0.15478745916886208
0.7117583907807644,-0.13426615801072786,0.5090499582198439,-0.13002720905513188
1.560364724239391,-0.08184536220637595,1.081534331992276,-0.24047932737596678
1.7144790339418685,0.016651789216671542,-0.21633697765068302,-0.07696023633938508
0.32563638386422133,0.07083181683968981,-0.1772036839464524,-0.09897012372244403
-0.7956264261083897,0.40257129713866047,0.23075278104768834,0.5318201920979079
0.6232749290611438,-0.33583103306770445,0.8796442612462034,-0.4978738131895769
0.17645326067652045,-0.2315304844158569,0.42308945518347923,-0.3829732694748166
-0.2909624172323052,-0.22163378773646694,1.4418751570141655,-0.020726380236877867
1.352700967080612,-0.6864998326542722,0.29788372061138607,-0.1873161961825889
0.5961683701339581,-0.48590295700266495,2.6593478059069966,0.030468789879287694
2.081529265565188,-0.7782028319540345,0.9281785957894333,0.006314527217806343
-0.28139223758910054,-0.06271240111419556,0.4952582814756116,-0.26175880851853217
-0.9164112912747715,0.22305224431755225,0.9367863556490693,0.7810258387227944
-2.30622765723295,0.538807738580861,-2.057488959846912,0.625852832204254
0.1866547635577833,-0.08665453954641938,-1.4993827797618637,-0.4497918252885176
-0.6853301329451154,-0.1218191382317339,0.19703156703577604,-0.1404703854259552
0.08504002692581591,-0.2180627829354783,0.8239940827605683,0.20374196018438595
1.0659020196120033,-1.1011679422340586,0.6584107863688597,-0.805390961623161
-2.5174676912857774,0.8386875509622145,-0.21724911515168366,1.1048969297664448
0.3738862662698661,0.5409093253818612,-1.0779162262401187,0.4420021328514221
-1.338528415842851,0.036666546543506706,1.0647719231225097,0.3999750332427809
0.5597146708848223,-0.04861908812435092,0.5165989224521075,-0.07902040315578411
1.9964944446290183,-0.7707402319297003,-0.045743646743742,-1.163314196068162
-0.9190977318766392,0.830066938146875,-1.092281913101488,0.6777045941149752
0.19854114853428445,-0.09201003721364101,0.4278679225400445,-0.22943273526713343
-1.3399664124246067,0.6530654302266815,-0.6059235890617711,-0.11910133028807585
0.24217631685678245,0.2075684981051248,-1.7822378495730844,0.2755058821510993
-0.683561710971149,0.2738312541952549,-0.04781710757688254,0.07327104571910231
0.027707960468811573,-0.2047573590014912,-1.721622311962323,-0.6832917697130587
0.9758561871389065,-0.8546816484494063,0.37258548561687116,-1.0372747537660754
0.4470759227791504,-0.4070042823792872,0.06909440874613516,-0.6913903784580426
0.481970377348376,0.08807274283192904,-0.7189295329358223,0.3724947950302409
-0.27159181202233973,0.10631850364971326,0.6138005730881312,0.04434980609542985
2.7832591888553315,-0.6225471867124088,0.8142812099101655,-0.14561794674420558
-1.3977743189518899,0.5177129691529702,-1.8440173333438663,0.364699271315577
-0.7720471517494921,-0.012991487448763661,0.5286628935492177,-0.29507207579244354
1.214070207231268,-0.6760753774881538,-0.47213356055674616,-0.7363356694276473
0.35564045970493546,0.14861396562709195,-1.4271697583106893,0.1121412038276176
0.5217898128959731,-0.3151260416351728,-0.4786829619054185,-0.07465083555827805
0.9399708687555919,-0.30844946218585556,-0.604778051124307,-0.5429764259246718
0.037857306268269816,-0.214579740588446,0.5956507690465832,-0.20440681576635195
0.2749464049617643,-0.2522278519539515,1.5261278225438097,-0.37648442590543696
0.937833510610688,-0.3209297244340017,-0.45249329880706113,-0.028781236206576133
0.8290781415285624,-0.789893930084397,1.674845125095188,-0.2975577452359721
-0.993853622065361,0.4654464728617015,-0.706862990138937,-0.007258184186645533
0.5782932789468955,0.3270583501320553,-0.49116454066747617,0.8766291037187334
-0.33554015572935686,0.2171277849643536,-0.7132260568221663,0.04922148899022552
-1.8871836109178644,0.406830158884981,0.10491103491904542,0.14084203204004184
0.2915953007357798,0.17342496134193994,-0.30771946892889734,0.17238131963387793
-1.2714743698420656,0.20386274747368713,-1.055964940650447,0.7229432581853645
0.33629526091629913,-0.21563684665053673,-0.8770759438785821,-0.7614333514109106
0.7097499067955546,-0.4155717657223627,0.46925714552107456,-0.6758870218485855
0.7854945991040578,-0.20477285253724373,0.464083751620379,-0.12054124287712491
-1.0602610241506485,0.20306078136765177,1.3362218828577677,0.5026925782241382
0.9607548905995302,-0.1972464667352481,-0.8060077307358565,-0.14058447266008683
-0.020555193994666217,0.6824715275344474,0.6812433498254159,0.42153116811923785
0.7540841355986085,-0.5587853121171856,0.6874929914409167,-0.4157451929558478
0.38121450557403985,-0.2458447470655042,0.5902647606419046,-0.1413712808097066
-0.4946773411319012,-0.22316928529192875,0.4565916562417635,0.1612638639495185
-1.3912982498854618,-0.1609560981615088,-2.118916609947997,-0.25929487825797237
0.512993669040374,-0.3184399282997813,1.2310292269029328,-0.31957954170028124
0.8873289837611739,-0.41712464625584655,1.5822598425708065,0.034392376417293646
-1.2314275721875627,0.41073923704156134,-2.0177416325175277,0.13327281436820826
-0.6597593964241502,0.471637176436456,-0.42954390565472733,0.48416502832438424
1.377415569048234,-0.4599913860798476,-0.37625014640487237,-0.25782772995609304
0.005470404960353101,0.08472681378266561,0.5906248616342876,-0.17987429155346302
0.0685967021244691,0.07683927242008028,-0.31188076415114396,0.26496027725680016
1.0655215992807203,-0.5016961750215518,0.4477626245746901,-0.9741916427131818
-0.6271515385469368,0.46451060983415826,-0.2367173363550505,-0.1087486953655824
0.2635760878842677,-0.27485069954843666,-0.15805192721205996,-0.6701794364597476
0.38635243204011804,-0.1614461059723275,-0.27557406964966763,-0.09426651137200859
-0.9178489089676588,0.5575227980119872,0.9169332625858765,-0.09567165094792546
-0.6699177437222671,0.5718892447117925,0.9470761132697566,-0.07018604295983638
0.09055698803428,-0.08560969840386105,1.9455819013691567,0.5386100315889017
-1.064442470827046,-0.11618335856879564,0.2693496239030153,-0.3012956086259571
-1.2209696023007368,0.3561391200447538,-1.0129482606270583,0.2896396915788956
1.3436694227910746,-0.3798447454395899,-1.8498621649774847,-0.20958931938881617
-0.36041134690097865,0.061699425607679305,-1.4162827752865543,0.46691446914282575
0.8844706205103932,-0.28239422382171964,0.9923675797988055,0.22502423034596802
-0.43612167907030464,0.42372854545575744,-0.5771618931330983,0.5568707370500205
-0.30626107799183294,-0.2279364154940477,-1.0648735518061203,0.6618530217175908
-1.7829569783625185,0.49292531778426607,0.5567232012140046,0.3148005148756672
-1.0002735223609993,0.390200237620937,0.17298616621276525,0.41410327685027926
-0.5368854499523726,-0.2821547623647118,-2.07451615760206,-0.3939431159745452
0.5534002819385228,-0.06841326774349644,-0.7997724363963347,0.097607025569248
1.4110221407843577,-0.5363984911652822,-0.64682490524868,-0.2454484452758953
-0.18575963879300955,-0.18693141921666617,1.1602898807968334,0.24077284752138414
1.891441220348331,-0.8117303237770437,-1.4338075136159858,-0.36045975012156317
0.2489393479842571,0.3006754030475634,1.5466851320208173,-0.07743728639349298
-0.13497452527926854,0.729398945166576,0.25658218465311633,0.21944652369591477
1.0638888095706436,-0.7584484928634556,0.10001280697849561,-0.7624579344357794
1.4833546691606523,-0.1046688483643477,-0.6820871605565652,0.3161786920202131
0.6343632532949353,-0.22440043331645815,0.35517898234692397,-0.30556672156716114
0.37802075867869384,-0.022987358187245593,0.09632549482032368,-0.5355081256449288
-0.7939439588991689,0.3655939363017793,1.5133903448919086,0.08456217849516404
-0.3181890306613374,0.3424884605335893,0.26259053052003745,0.2841804305052056
0.45573710243743293,-0.4706371387254935,-1.7238270589003768,0.024621709085190124
0.8774293555521008,-0.28503194401345433,1.428701909231998,-0.20408562911927997
0.631542833963232,-0.19736942413910116,-1.1990243575251633,0.24208209621053778
-0.2577510647758386,-0.17782093107327923,1.364239317903517,0.09541305480030265
0.6732955342509934,-0.3605126844004364,-0.29934150549901967,0.07348486424849252
1.5435212952818658,-0.9691953219593414,-0.4580363236855385,-0.8177942042487806
1.1707245352050235,-0.6124508620151585,-0.8470859690654698,-0.0962746548759329
-0.4673572804685779,0.8358123896734324,0.16074576886836373,0.640395751557901
-0.5131025273312952,0.21007281162885708,-0.9949303650876202,0.13118247567712796
0.379401171701536,0.5477569249004273,-2.506023585738452,0.25676823637661245
-0.9213880886695464,-0.13310278614240983,-0.3931708914844541,-0.3983496330736981
-0.5041004774519638,-0.15666944034720268,1.2813705194434226,0.03847038388017558
2.3459965960746367,-0.7308585526385207,-0.6935468707565028,-1.0916445951776634
-0.0931392547447811,-0.06241848438066898,-0.1188722696653594,-0.6161694708042575
-0.7527245470032197,0.49732605888543735,0.7327898216388565,0.3833703130586707
-1.0805071024426771,0.0121399114179509,0.9114065417801912,1.0085338937202062
-1.5613946744033522,0.7074951697939458,-0.4442167332166026,0.6105401737465572
0.2145518005417278,0.3527492511206273,-0.5671201013807025,0.07851829172033481
-1.785697932798074,0.8210122122909694,0.4167837030692269,0.2403878186934223
-0.20740680161851327,0.21318546259878063,-1.8397071050239822,-0.2565548702921008
-0.3608340688258895,0.14842141483400798,0.884244072776041,0.22416021998577293
-0.8906765596723961,0.06416480950200193,0.5434763735684837,0.19597062647688945
-2.702139173461505,0.7915771545582014,-1.8617341999637251,0.5077124941917996
0.9514938508723332,-0.6813901048384671,1.0865625858643158,-0.3548807833822687
0.2416688479185382,0.02533590173285359,1.7215253438903673,-0.01833654379600539
0.42342104810248726,0.1414904250868917,1.1709480412371818,-0.3844911144534661
2.276168443651624,-0.7179204339159365,0.5049931072284388,-0.6538494268500373
-1.694175441266932,0.7386831465305714,-0.6632551568825714,0.823032380283562
-1.060730529455213,0.15278614639051677,-1.3640549194629237,0.7095836923340818
-0.37867190082413604,-0.03419153559250619,0.14230197365401354,-0.48080415179104447
-0.6713840814039148,-0.22754927053744234,0.5592068345224057,-0.2230341813445838
1.6424549330713405,-0.24596429275807982,1.4799792639368463,-0.7996068831284122
1.1531845154833875,-0.3732089838864415,-0.1183111368401533,-0.33576197464846275
0.9033881964966709,-0.09627148116716835,-1.2639091219238303,-0.7406327313299405
0.46510753588732506,-0.020665954500257433,0.6891747174718974,-0.006268557739019891
1.2034473228692826,-0.17389657502901598,1.4723428953808677,-0.3073735943378321
1.0530905704720117,-0.7294245667373558,-0.39586924156827724,-0.08218616072977625
-0.12921435151455793,0.06136646696618185,0.03283587939812093,0.22385293471437762
0.39254596640938266,-0.13670315987695902,0.1087985709189453,0.12276323909082545
-0.43907666685666946,0.013046093015595978,0.8317797512142814,0.06561119050142457
1.1911301071318978,-0.6038786694542024,0.9384303112390683,0.016896061725465428
-0.6873529295600578,0.6111017250300869,0.6489603093431596,0.15231886374104736
-1.4759848351945017,0.8371351401950903,-0.8976040848669616,0.3076277552868879
-0.8984471183836583,-0.025112803313296794,-2.0391422718639705,-0.4188731285876377
0.6184249889950846,-0.05280834610899321,0.6910052907703941,0.20237490271757813
0.5277880943785532,-0.7095783902800561,-0.2134667731902329,-0.8753171791851977
-1.721317691260991,0.23263433989258997,-0.05150859921502799,-0.06294215497079447
0.5764624089940104,0.2319652412930328,0.42126606675824557,0.1810263836226812
1.8438049956858056,-0.7999840556331074,0.49091488945468037,-0.2561271823296482
-1.5140559277128005,0.31884576991351776,0.9279836518325004,-0.09409575911137188
0.6388290628797778,-0.42329133001686026,0.26357373323095584,-0.5933485001531429
1.096729821161419,-0.6575800630614536,0.31951132956503087,-0.009393054573981041
-0.432387636613078,0.037130242049119994,0.18802816619460844,-0.2349884739115092
1.0090647588082355,-0.5498609050202035,-0.23902593439980824,-0.34368997673074725
0.7177933850758015,-0.450641351726245,0.6704287723866283,-0.3920727259306218
-0.4446324124207827,0.01746641154418188,0.5960846673802124,-0.17457366679058875
-0.7951275846969954,-0.16796641760682302,-1.4523278457417266,-0.5867319838776457
-0.35046295459880905,0.6013667927425783,0.5846720302152238,0.644254414387013
0.18178463846532467,0.3736878603894753,0.6620623176586276,0.31204696634120377
0.7064611898297665,-0.22742566731517982,-0.3630359169011244,-0.3178503908559326
-0.6829098785377722,0.3036825715304684,-1.0401005886710482,0.3026321670733799
0.2491679600661045,-0.15761492084995768,-0.6486823884934433,0.0008254210290061237
-0.20711642077723993,0.07222605891978998,-0.30364735142874016,0.46330765884995323
-0.3526433284061955,0.796884440731105,0.5207459137823942,0.5465025152223297
-0.09224169174804749,0.3806816285060891,-1.368470050497123,0.19999524228246668
0.3473157160244456,0.06648658411346728,-0.8165477318750407,0.45931947398968764
-0.2231270814447067,0.11156019551873719,-0.05532019720653162,0.1718868526707081
1.4704907645289702,-0.5818647535150505,0.6486366999492109,-0.17717498704331555
0.3401101501066265,-0.1958543810959963,-0.3907158756627726,0.1938913935800128
0.6195525755185527,-0.12050423935422912,2.7677965745919035,-0.4404232648464445
-0.59388279406669,0.21359986237745623,-0.6659382577863997,0.04025713019829784
-0.57217767373417,-0.10947763953509837,-0.7436438491295287,0.27622288194084965
-0.3982899496870178,0.4803366227997595,-1.3153734720377508,0.6489213089419013
-0.3074538635387151,-0.07566855002165161,-0.04035998233369289,0.167641739877513
-1.6490345966515216,0.22631680664968518,-0.34582837601268396,0.22139388392520754
2.017150496360881,-0.4639633251691794,-0.5215260336884787,-0.48300324363887137
-0.7742482325831885,-0.31226081212592105,-0.662701358724104,-0.4211604730300312
-0.5393905861051758,0.14985992091759268,-0.5294828673856239,-0.2494863138030649
-1.1014451691740652,0.3942963358891051,0.9840471788870353,-0.38589879854398895
0.1243037509796366,0.26916453181741207,-1.9118167614117136,0.2114770801932943
0.05796644571825437,0.02416604772523762,-0.054890308341189714,0.14899390677890065
-0.8177643603442782,0.17183428600758877,-0.9281651334592754,0.5677577431023988
0.7703353737204318,-0.20540850015517492,-1.2253868417637113,-0.20437210524507682
-0.2251759256827094,0.09655280402808475,-0.3164446838000678,-0.19320068831487824
-0.18303877518869122,-0.4088627220814029,-1.0188256838957546,-0.41116319454075856
-1.1904214830439,-0.049345646146711,-1.109058028666811,-0.371480308540854
0.03510238132570149,-0.28341645349502853,0.7164065814061044,-0.38416915200927604
-1.4439551279011997,0.7516778938025004,0.6812527113816066,-0.10244367369771751
1.5419816126243082,-0.5142080527766645,0.6370880005046103,-0.25975180333070896
0.27097561887007277,-0.25020460485472107,1.1787200744173623,-0.10124693761595929
-1.9930284337837196,0.3533755448054282,-0.01791702100102277,-0.3293029222560582
0.6802339059668849,0.36269018823241184,2.2192002639105435,-0.04951343999188229
-0.005896454685261545,0.2679327154983221,0.650063092306807,-0.051465398714756555
-0.8582100181351446,0.40902377167459625,1.6243914930342547,0.440840826755711
-1.1823546148989024,-0.0015465247994742026,-1.4111209299182343,-0.34755182491668646
0.47800125692773565,0.06089620334710724,-0.6334563821859414,0.12702220517131035
0.8911625597093931,-0.11837025493220074,0.8418204417849479,0.16046728909015723
2.1343276327684753,0.051594988729667834,0.8389452975240466,0.3316541440133822
-1.1990092062420727,0.40759900615223765,1.1205339147741356,-0.11869048006184757
0.0025650479126239534,0.11822927099711503,0.10934982974729777,-0.40719498700330475
1.253467506178792,-0.4382359400407671,0.46493640777701467,-0.5942861674922941
-0.4474963754591641,-0.019175488367593613,0.22242662376961597,0.44264310826856096
-0.058566392531369804,-0.4893637178127595,-0.4190859316678309,0.19193019995558197
2.265899815383834,-0.22469118245664438,-0.1596855114776089,-0.7585721050577049
-0.706707651434351,0.3836014335742398,0.8279485947952757,0.4377969264330265
-0.01488489240381842,0.12864559281898155,2.2700283394231024,0.1657584734096582
0.6454797063628517,-0.44290289419899675,-0.14709575621691767,-0.6832420591084115
-1.1143823942796154,0.29990376097988647,0.01650640057310769,0.0853922178504783
-1.145532420245581,0.0675887786138114,0.04232236757043692,-0.9214993655541197
-1.50159485994098,-0.004943272078388905,-0.8443965421655268,0.21094915438579745
-0.16059767205441383,0.16584988879418056,1.461867762393682,-0.154136839341167
0.9989356688208426,0.2975488057700536,0.8832366394379104,0.27509895819558633
1.3134486039133586,-0.5947986431882756,0.31252040775143053,-0.6293053641301858
0.4874970794140119,-0.38375320318065553,0.688610660813541,-0.5307794047323179
-0.981241324052818,-0.014080957937838035,0.5749157732557533,-0.34158769921497817
1.8398602547809813,-0.21151113959892726,-2.087366858643384,-0.018891850099323523
-0.13558786388050348,-0.14610653912349086,0.45011240595329444,-0.5196171545619611
-1.3988501667930364,-0.12956997078254523,-0.0790039785720241,-0.3376145976970673
-2.638941849446896,1.2794147516768124,-0.42601650111622974,1.2280881359669722
-0.783256108188595,0.3684872682679672,-0.4987454903832683,-0.1387540328272795
0.13815870993848978,0.17122135866315324,0.07327856869984303,0.17091062938142126
0.02136272432639216,-0.0027984772816475718,-0.6207962700030867,-0.3240618783727521
-0.36311076682703897,0.5664080478117858,-1.1118340126921988,0.09708034975293173
1.0564486959088175,-0.23733576624100966,-1.6234955641624726,-0.3405917976378705
0.20998625562688691,0.7431109410140188,0.7905632794624193,0.023646403662602122
1.1381367083600369,-0.5759835985181526,0.6495716440601522,-0.00988186699719501
0.4085902520459244,-0.3648454556521772,0.9182895491279681,-0.7367098641878108
-0.19562326301543873,-0.455205593053816,0.6568060974669795,0.04499042841955164
0.5278269855641211,-0.021525119974588114,1.3091613541143783,0.33211923366684687
0.05553584957387029,0.285438360023661,-0.7327116661756357,0.22585653696591654
1.985767444428813,0.056955224510527924,0.5404621890183883,0.26684848859787463
1.7156752409763363,-0.8643392559611978,0.1305224667486652,-0.4792324224374307
1.276801932663424,-0.2378885969351779,-1.4519934004861186,-0.5092053314723421
-1.5925841399047038,0.37044141882187276,0.14584634005853864,0.4576390640084296
0.7584794041953797,-0.6000437157032124,1.291530228912751,-0.6526099789771204
0.47561225406049207,-0.026578757751786114,0.27973449093960007,0.019773170097228166
0.05994746812431463,-0.06861433842262962,0.9772338260469532,-0.32787754510382605
0.38845710483617896,0.01828383243786187,-0.6949757240800551,0.26400290878219845
-0.34262354346859153,-0.1306274563595166,0.014199550916613637,-0.37054826336656205
1.9754461047960197,-0.2039163628763958,1.1618718827385524,-0.030918102950026102
-1.5817087560003993,0.6995266379846645,-1.2817475983135702,0.3616094028770274
-0.14591922787632855,0.01828387244944683,-0.1881428184726768,-0.163413023241553
1.3340580853383357,-0.2022061508461499,0.2743419849427757,0.08561649483792527
-0.7190564885891538,0.28251844984036223,-0.6902062281893385,0.4619290495530922
-0.5397781243798732,0.7922389213146961,-0.8974612243255998,-0.050453730403399066
-1.0760930030418125,0.57072225151702,0.2229617260686995,0.02164132753136261
-0.31628457343722816,-0.2740906814016995,0.5138864599679756,0.09320909938919464
0.3834672070135182,-0.008180444381677601,1.2902279853904874,0.2655905482126483
-0.8377128764015085,0.10467877246716512,-0.6491917290739576,0.06642711956611808
0.9080304802724567,-0.6569907879202899,0.49834051400677354,-0.22463444155188447
-0.006769147474212184,-0.12349465836342159,1.1579998021514393,0.9296454167733921
0.31704000546293665,-0.1715659817179383,-0.010692084249828478,0.42151249161652893
-0.9128129281301671,0.5146396379532541,-1.3013932860555053,0.0011978379106481474
-0.33515135738250257,-0.14526421326137012,0.9107226416231914,0.07200860819206575
1.8708121247245173,-1.0592272265273674,0.2881768513812368,-1.084238095209778
-1.060448349202892,0.0030932918842107027,0.7340886037895471,-0.3423784933237678
0.5863548277432328,-0.8636114168487976,-0.8442625635853986,-0.5861292550456675
0.999090011753279,-0.23120686713026833,0.4325300906736424,-0.23796873312181147
-2.1532893591799795,0.6981217849457751,0.49574673677017494,0.46271650337667736
0.6912376857369447,-0.9499589275333173,0.2041961446722932,-1.034010464976475
0.612597066376432,-0.7084746424439599,-0.988674971858402,-0.7874751544140048
-0.15658540923124226,0.13683982582031246,-2.8595346279224816,0.20187747742027662
0.13554922934859817,0.144249071897801,-0.8762602595219773,0.19911205063974724
0.5013572366795762,-0.3249059802184795,-0.8320407375489308,-0.19234362784830458
-0.18969656561369042,0.30080734207269944,-0.7566059261379444,-0.05439549972008051
1.104640823235721,-0.3253914008463681,0.6677312689457718,0.06398146464564708
0.11568867170016318,0.44992241076045436,-1.1662382464904335,0.3429720477988279
-0.17997899274360232,-0.21001139192694393,-0.6215552398308538,-0.06252940355819724
-0.07820608479292136,0.6270601991958985,-0.2038927555915662,0.25477570251691023
0.9382772204490852,-0.438446804928862,1.1789704982207412,-0.19782477939458298
-0.44173043231708015,0.08195837003376269,-1.4132087813125107,0.3034702843811993
0.6739450299661677,-0.20759993913764252,-1.099220998646666,-0.36651517610729556
-0.6436751941861477,-0.48018229388077016,0.2123315958418431,-0.5190187068123743
-0.9836228538075881,0.6027139793308314,1.2016269558455461,0.4462338779242443
2.215133297178179,-0.30239418591146827,0.7359701730398014,0.098371565770004
0.1327258336600484,0.5863860336237259,-1.2906609867117291,0.7674184059291591
-0.58891492783288,0.7421574804803737,-0.7891391416615731,0.6823966032482085
-0.12720530574562927,0.28265003238017766,0.48197852525084767,0.6861903723919105
0.6678865315998123,0.01340661739211696,0.7847459952506588,-0.018575312245567306
0.6222879337397029,-0.4920544675323464,-1.3865298295959338,-0.7007506683889471
0.45856798782107416,-0.5498688024887449,-1.8863639506479897,-0.3967946871191571
0.3778907471120652,-0.18025692893176054,-0.9677368412585095,-0.14344725603390984
0.660686932214366,-0.03577112413041891,-1.7378232710434325,0.1231028289038543
-0.7457717830683611,0.4977217712950769,-1.3342979593846873,0.17209470072698332
1.1765002970022873,-0.22413902900221905,-0.426517066175417,-0.11725073395346813
0.8232635191687514,-0.03896859806539121,-0.41115317001022367,0.625032969965968
-0.7496423181708999,0.34329605848464906,0.04373821090616703,0.28985431119148136
1.5544593966026512,-0.40451494913836955,-1.0305394309365428,0.33757921394156726
0.47355418034510566,-0.05915584443915997,0.3499433565543952,-0.174892004407128
0.9277039756999702,-0.14562012272946914,1.7600320114110648,-0.10190958071018455
-0.33458926006361933,-0.10522448683949492,-1.3798183681415088,-0.622396719406075
-2.161941978545696,0.5523906773015882,0.2984076231130964,0.641793272736126
-0.2769006160151622,-0.40375549993254006,-1.3771529403346339,0.04532319439259497
0.23508534413018822,0.1836282843381536,-0.11459475159328922,0.0674900057775737
-0.21922587404044377,-0.03506193405591139,-1.3480656733644563,0.018758907196549192
0.7080467069531583,-0.4915363051622799,2.2802787785253416,-0.5229606614299094
-0.27469851665324685,0.09077975940286359,0.3959033969764765,0.6496849499002793
1.3831022243232982,-0.47655497729221075,1.4517116098540863,-0.1438545341510003
-0.8648161402636096,0.21892426270690474,-0.5906831576688457,-0.08158483389193785
0.29683859353201986,-0.4890624064507585,-0.5266342581416108,-0.0004765541412479757
-1.7856844730080499,0.3758999877765278,-1.6324124502326676,0.46589450794169396
1.409649640827496,-0.06362729676586099,-0.14767385484445827,0.046570429256118276
2.045864719087198,-1.1314114472845822,-0.19362082528298996,-0.8759399323316511
0.05922556533310938,0.08427079111643869,-0.08854458202260658,-0.015669619687326573
-0.8632033077973585,0.47715910771502834,0.59639372223143,0.21736598239532573
0.8133346668489819,-0.15200687369053537,-0.8740856606505625,-0.12693363817546496
-0.6023899619891948,0.1066705200862569,0.2721166684184725,0.07455354457465312
1.9459867630480745,-0.4986829007924526,0.594447463429868,-0.11065255897386461
-0.21188264308147733,0.19846049252807027,-0.09618196066459248,0.3477114941196776
1.480831218349088,-0.5540445823461981,-1.0441409716274734,0.008281526888603397
-0.8715369600537166,-0.293929181540244,1.430499106141061,0.1686511293934828
-2.1951024700732877,0.9408849056043058,-0.3023039279332047,0.7639167422226071
0.613198603249415,-0.05742010909650053,-1.21996025254477,-0.2723193748416707
-0.6925110053674871,-0.21009012108932792,0.8873376005331525,-0.14577242727341186
0.48828205953074555,0.12455658092624938,0.34446041460603494,0.4203399838275733
-0.9845659064658677,0.3345080143202874,-1.3973847753066733,0.3265641495538608
0.41368562526130126,-0.16774807887264223,-0.493929267344411,0.4151639422633895
-0.2292573077967395,0.14699133021985844,-3.212949114686014,0.631939036991772
-0.37241647842983755,-0.11806571100628888,0.13022256983678612,-0.031563909620346935
-0.818839465340991,0.6151427096661318,-0.44604431301970066,-0.17184073675849837
-1.375206162560759,0.919585687146708,-0.10925149900769392,0.3057489128554428
-1.2265864076986304,0.010262339157919909,0.09054900134874007,0.00765606767891827
0.8406167782989706,-0.1421878616650708,-0.19257520374930018,-0.5232709681152653
1.7101029757642372,-0.395299377042501,-0.4736155984258616,-0.507369673438612
2.05794192109148,-0.8042807314710483,1.0316255397161846,-0.23458578568648075
-0.14116346971044003,-0.39819278001458586,0.818951680854716,-0.31990055158096004
-1.0313542974653067,0.6661962390953207,-1.3884424635094332,0.3311018424702787
0.48930978150109977,0.18578892386189616,-0.43776846449353846,-0.03619916361394793
0.49253611430552663,-0.46529630120396215,-0.35042747735995566,-0.2345917098799316
0.8982182507832696,0.19638640306086808,-0.4219834057351003,-0.019107229437123105
1.7382145745205053,-0.5020309977453491,0.5317293416096406,-0.43848736232816277
0.06933134175696962,0.1115589900278593,-0.17590017336221198,-0.06013060826130519
-0.14754283923991054,-0.08284165909490296,-0.9039770513239924,-0.05920175172081411
1.2965459531374786,-0.33013702131561806,-0.1704712313968666,-0.3444252294078954
-0.6540078959216543,-0.07252695583537941,-0.4715585302700265,0.0701052270345846
0.15727765314855358,-0.44108903547407613,-0.5492397908623798,0.04446247312770696
-0.43268880474828114,-0.08321876660126998,-0.7034740360069498,0.09683426756424152
0.39796327304680074,-0.22873652682991125,0.03737785425960482,0.0496720988071854
-3.6270787245267564,1.0795724335427468,-0.11067618832217412,0.3467488529004274
0.1562639812636899,0.2121063733529734,0.4282724709651269,0.09603150087682433
-2.0858216171620554,0.6498727296390936,-1.5002900590374706,0.4941698460444808
-1.4121038769206455,0.021766771948037056,1.412609074708774,0.30669586181111314
1.2986582450251878,-0.5542624392133122,0.017079811460374083,-0.24765161112608952
-1.8041903274795792,0.5735152515932334,-1.4131259516851804,0.2036271956694644
-2.207335533352637,0.37701848309929403,-0.010273704437084905,0.2645369992558034
0.01939991976835998,-0.2618396669546278,-3.175311010327274,-0.3505596162346722
1.2256128556040184,-0.39783580995691503,-1.354485698231514,-0.19784871726062636
-1.3919722983675502,0.39571220708409127,-1.0333088226598588,0.18676109543182037
-0.08642455786067609,-0.5677138565986662,-0.14663793479857687,-0.5038721722295959
1.0523644473848819,0.09789758772109919,0.5826037172968553,-0.06863353125232127
-0.16821396429024943,0.3329341033145018,1.4358800975834216,0.32958344827822883
-0.6184896140149475,-0.29460225231094284,0.1769233103214337,-0.33576077209539623
-0.36372764337083496,-0.20341070210986067,2.776947102872049,-0.2586890522522722
0.7047111151657319,-0.8921753155897809,-0.1729394676649871,-0.4684942672416277
-0.4783662350278043,0.026855289538524715,0.48403671776197654,-0.054310170300050226
-1.1479268226991501,0.8500002864650051,0.340300529445959,0.7381293907271123
-0.8791073880988952,0.2107013631872818,-1.0044227946565796,-0.2961951161869463
0.02773911295265763,-0.010887207212877711,-0.4354893464766253,0.17287696464989807
-0.666860795931661,0.1978924265584071,0.19941345418689158,0.170777954396845
-0.26557832055802,0.006207743118440592,1.3837508363418876,-0.05132865320629198
-0.5973945663474902,0.24300947636255243,-0.3964400194815934,0.3908503418261145
-0.16420366656852523,0.22238029111302451,-0.6077978391746798,0.22480961699739965
0.4406453582787663,-0.17841417609680893,0.2022935669342045,0.025247086944970923
0.5378768748466484,-0.2610075003743354,0.6991350112823962,-0.439052050649021
0.20835973395648025,-0.0869923779050645,-0.6898709726916659,0.6819823597698085
-0.5928394869803019,0.4868466440475562,0.796721772192289,0.42194079373116145
-0.07143065020562939,-0.08497892553786855,1.3607985177057187,0.4417579393809573
0.36102839184332103,0.08418489617209975,0.9797384430681662,-0.09221824970063804
0.35660689743936436,-0.08968908592580072,0.7037105272137383,-0.19096327003454203
1.2037272615769201,-0.19932390387381846,-0.43951680543590443,-0.019616550681080078
-1.0166668697948542,0.2013338378158023,1.141414552103946,0.17882614073112668
-1.2428710894381247,0.3396055229221499,1.1320920665856764,0.13830187627041896
0.1192709534473322,0.0824330869365958,0.30334421155862246,0.20561277511787318
-0.024557040069454205,-0.5849150967008713,-0.08880046148009954,0.06141493543929033
0.49136056094914865,-0.37142899595386836,0.19360468382000587,-0.06398878500941843
0.9210757098321528,-0.2788304707702206,-1.2393914211919828,-0.09010678799704577
1.7035830450570697,-0.6543623554149219,-0.10166484503061689,0.02808367651924909
1.4532381234992289,-0.27163146364495705,-0.2756817995720857,-0.07123033437130999
1.0655431219412945,-0.8724201780325811,0.7513930797397098,-0.37872114639882315
-0.9406379897433587,0.37304998982865006,-0.007924297661912513,-0.10707582102275107
0.8222638001065948,-0.4479907670096994,2.0480223074039974,-0.7523218751558844
-0.5519460552434441,-0.16100658364019962,0.277635441345946,-0.1661289477186872
1.1550120206498904,-0.5173687597934238,0.8895968983755281,-0.0301499567665236
1.838703315716808,-0.49240554121946895,-0.14981587214948233,-0.34256166976533914
0.634285341839277,0.0760733655660561,0.43385338353375347,0.09309477217135134
-1.0325741600605716,-0.16511290185045818,0.6075382085912006,-0.2009020183142572
1.5416258213017058,-0.851804946261392,-2.0905740767263556,-0.6957453860740154
0.2820705393539199,-0.22287581188892008,0.21078458686009155,-0.3795107241466106
-1.5559971934387435,0.5835881530679633,-0.7539983525701528,0.19943128162216303
1.516527683545423,0.032801955505964264,-0.1190817519128726,0.337397667741905
-0.9346596740634056,0.366115152119251,-0.6083340963784559,0.17803855780112646
0.4586770191262211,-0.009914921845566166,0.05874377644791626,-0.15636821525984765
-0.5243015736431897,-0.03244770429998767,-0.8273937990939346,0.18887428933163947
-0.17372399006370856,0.0822739852979997,-0.21786291679066289,-0.2199227151326369
0.12940414657621924,0.3358909740362204,0.4336102767413021,-0.5333998675972667
1.3560863529429306,-0.3862030119245687,1.992059076095332,-0.021686365763954385
2.744718075682144,-0.432731986178253,0.3941014762169078,-0.9685288829640653
-0.8480764828339873,0.5643753444867707,0.7871896226145265,0.1970138745618881
0.4845524113662847,-0.398784751185018,1.2879515351672752,-0.49478081001789054
-0.49991510649111814,-0.01506691217209652,0.6978832438203622,-0.025466661189358728
0.8923499011722743,-0.9339037026693626,-1.2993210968120161,-0.0585848062724208
0.6529890602270393,-0.18729739555270847,-1.1288397602916238,-0.19597085114814491
0.9079785022092984,-0.43573838679633814,-0.7740744683168909,-0.22409033745011
-0.24615016631207792,0.16003522544702853,-1.3565496997139612,-0.293535167322464
-1.237920461889574,0.18000427154771764,0.36140106986320847,-0.44730183974325965
-1.1861300754805861,0.33840692184232035,-1.3589083924408738,-0.18258184866466043
0.5875034608797697,-0.429882503978953,0.5524638911176221,-0.5522935814584914
-2.321211337979127,0.33599205961682327,1.8593651328214902,0.11466117470550759
-0.5243513991006848,0.12192784156611691,-1.7288788911103832,0.24465241236638316
-1.3497394711443413,0.7631935692410129,-0.35508712710510476,1.08136677246776
-0.4413043268603614,-0.008740706571933238,1.605877563134104,0.6121154651679761
0.25437007269977435,-0.2059747072672012,0.35415159466965257,-0.10545293967981129
0.2883117165122285,0.08552135187615631,-0.9950703537330167,0.25599211305484815
0.08739821544886778,-0.012780358032795992,0.31555700024285094,-0.2643156633067007
0.23668820313277605,0.14640279038738427,-0.6179979488854134,0.2047307139764497
-1.8504125104645774,0.8688479562353033,1.3240214404731079,0.6604900002845452
-0.7203051776813912,0.4919154343463937,0.8737722042016536,0.27966846468323003
-0.7062153414112103,-0.03914765330231057,-0.13181122129292902,0.09098407335896834
0.4411065401773294,-0.9145928335741662,-1.0664746581535662,-0.5813818917375191
0.4886921084031003,-0.44783135225179144,-0.8401001703139995,-0.4978616905237446
0.40683884948115046,0.047767712909521795,0.20032344775628347,0.4627132730112904
-0.09742952037562926,-0.10844822629104273,0.5002871215192068,-0.3604033985945702
-1.2909439049821247,-0.05552388348386611,0.057837020654993535,0.33779989610102057
-1.1134285779652824,0.04143394950127688,0.2736167995241689,0.06788639851924044
-0.36216072491734547,0.5768008871442265,-2.3034679846505948,0.7943037264282966
-0.9002632836495127,0.22640891863256743,-0.5247802144968977,-0.2174316987856167
0.3314143166211843,-0.41828763711925765,-0.31096298295900465,-0.08570041735146647
0.06133509258177347,-0.424954103327837,2.3461602944872357,-0.4091786837313588
-0.18177354670315118,-0.10133385524608149,0.7330782782505323,-0.6812767588077813
-0.3197290773024127,0.3692248441423678,0.6299495418943265,0.7126122514005206
-0.4199598959116096,-0.14980187505715048,0.26961400111609,0.24924118897785658
-0.8062034411586877,0.7414993516816962,-0.07307980991817457,0.37035233280198443
-2.148122877497443,0.12749049310131544,0.43765783165956046,0.6338016634114734
-1.6870268047189223,0.43927922856748475,0.5160963021714906,0.34681835523132265
-0.4283283510988246,-0.16825842992872994,0.6148279621108208,-0.3272903365024597
-0.9081959580736604,0.17403385963075857,-1.0465281092570389,0.31803848051327
-0.387443100969188,0.26049261823375364,-0.3417161073054419,0.7526682248238251
-1.9413412551695144,1.4966859604857872,-1.1704796910679123,0.7858820543038555
1.2065149645347,-0.1423536938963841,0.8440352544159253,-0.13535819102657573
0.7955705493480676,-0.8452399126180563,-0.25691231010882415,-0.17821483147847972
1.660941540995176,-0.531306959515251,-0.909156552775904,-0.5019925649065424
-0.35189145773965924,-0.2913665203199456,-2.182179572929138,-0.15978603929320423
0.9886671817296452,-0.15799528726404538,2.4122050844204335,0.07084239316255887
1.0982459068823522,-0.4037445147095489,0.17694137821541872,-0.08636876288589293
1.8445711292667508,-0.6576224961590291,0.9243624009176715,-0.4276178772818275
-0.046091960578846444,0.12198442446054236,0.7016848763251362,-0.15724227697443366
1.0415507956237395,-0.733016765828712,1.5830197207944374,-0.6997874459004698
-0.24628899272833887,-0.13808219632261093,0.572860578650663,-0.481965294575764
-0.5026315122046144,-0.005013349702626235,1.4957255422477214,0.345037699637421
-0.5344409380763595,0.03347654787106581,-1.210450751434027,-0.10280938114184761
0.034119943401008185,0.019669004495574755,0.3385735292613224,-0.06439994819567639
-1.795278937281168,0.5038538921577546,0.4561215521347209,0.3550044048980878
0.6603185800608956,0.81963445544568,1.1623248801871509,0.08169125081961764
1.1368490360499859,-0.29728145176635273,-0.8503910357807934,-0.09987075255848286
-0.08769851235457345,0.2006866526708342,0.6030176044425967,0.23300553166073912
2.3321126359907156,-0.746465897646404,-0.8993738634674687,-0.6562439639198516
-0.2559602518968972,0.15514955563681684,-2.5820993317198853,0.3726828875902469
0.11721921768572732,0.15328930981141586,0.5268032021953644,0.11956429777869032
-0.16752170220063273,0.4471895757273397,-0.7105168627455981,0.6682636720350026
-1.0976596182605007,0.30000740625405786,0.9270177538008053,0.5841861148796038
-0.1748215059409966,-0.20787727375251708,0.1558724214796031,-0.5333394937149758
2.1039942208633025,-0.9963881910505418,-0.7660111459270226,-1.2638924301593277
-2.18695216934038,0.8372079628124908,-0.663762943195419,0.24504374493630193
-0.7015364127997159,-0.07127763509088811,-0.06138178770524161,-0.18550538112444936
1.405051574005208,-0.40441112469452056,0.19883975687898195,-0.3848046315358767
-2.3104915177675345,0.905330271282274,0.646830634670212,0.4298754073021336
2.8260873908258044,-1.1631039098189042,0.4615460719118013,-0.845146463421294
-1.1811508744212822,0.6648303522981518,-0.4195152979063075,0.3617079107717914
-1.535685952004421,-0.04315103500285472,-0.6871775911096589,0.06481270875526735
1.1066198643712932,0.21689388452144576,0.016553466688908624,-0.10324235821879374
-0.041333561250549336,-0.13181713081446367,-0.483050807947223,-0.3319588108995753
1.527826954705955,-0.32619222563116296,-0.2769906098160131,0.23096280590649665
-0.6932957129223728,-0.26402443835085576,0.7058199509275633,-0.110704751372553
2.2076556325284566,-0.8224885951605508,0.8932589897600697,-0.4577860605551412
-0.4040763195777558,0.1703113660423259,1.817306242464927,0.343170941219504
-0.1036337995696181,-0.14366935257403785,-0.6067032693129243,0.057733192413992385
-0.575041068142095,-0.18585375142069493,0.22998411792799014,0.011244062295847845
-1.2559596608484749,0.4870223371919579,1.9815988034186467,0.5913682628075136
1.8894795002115368,-0.7645206460908053,0.5861052674345628,-0.6603784365424498
-0.42987067321261596,0.4223318029916644,1.0178480150064644,-0.29410271547987904
0.3095754807902713,-0.11095688803769237,1.0243450212325453,-0.012927657222349044
1.8689209386776031,-0.3985952257882547,0.7140178020033767,-0.13749045136809313
0.1693241391400496,0.21189168659931723,0.9568100622311634,-0.16608649145910473
0.9187649865726691,-0.4821033089143813,0.8812710889513965,-0.06453140552463865
-0.3088220078453265,-0.335759824709211,-0.22043802313703473,-0.3221325130644518
0.495977421864939,-0.2090137889954276,0.08484255456760684,0.5300046616994599
-0.23168471581986524,0.4535993160564478,0.5950255357938862,-0.29119169398353273
-0.23030690704550508,-0.1831570895012885,-0.14344262900039834,-0.15950467448549674
-0.9317620114839841,0.4599684474648077,-0.02451879007448599,0.6660483426498622
0.9436131807811553,-0.031146376098650314,0.5674157301694288,0.09939510012460766
0.25335169670319924,-0.4120505838765461,-1.3020790843250234,-0.5823237487870634
-0.17238899946988237,-0.1451335936620216,0.7411759417015061,-0.026641976528715416
0.9142475477245122,-0.38588972604049065,0.8312309735304936,-0.09803605317540953
-0.3535532937750693,0.37361211669295313,-0.10284546554712388,-0.05946914013723789
-0.24718746919056495,0.2236442002056348,-0.5179218779680363,0.02379957790103246
-1.3282558072239083,0.21367018166243842,0.07765268873871597,0.8094493632790586
1.5385336029109127,-0.9173622802174164,-0.18864865830347788,-0.6003161423770926
0.8733800806624181,0.34431574474665777,0.2482622875973512,0.16337012880285537
0.3050070236546132,-0.30781078265031747,-1.3886706403468745,-1.0580444633354689
0.37163915698171074,0.07869189061477053,0.05278510601994322,0.3829498679769571
0.28133939080240133,0.428557415970037,0.5565924401574461,0.6719082824154514
-0.8627129446405855,0.8397686634402879,-0.7535136430323325,0.4854184789311839
0.21997952526204545,0.0958774265255795,-0.9485398926254159,-0.5616145635191269
-0.05735866124979648,-0.18115543764857617,0.9973317077034057,-0.09611868169006106
0.981379639129545,-0.009938201489344045,-0.06738756193416982,-0.2592383139282888
-0.8270925414904219,0.5783701363952686,-0.46037722076895377,0.23203651482655976
-0.705973159325917,0.21500887334718766,1.5590318289965859,0.1042734024709846
-0.7673647033217329,0.22528021186413824,2.0472711652153746,0.2331430656702203
-0.4414089854994093,0.3428313868981552,0.6502140918336058,0.5764542026656142
-0.3754197943601234,0.2976072996650824,1.5737958911446497,0.104899267985484
-0.6786846145735775,0.23013531581360425,-1.9598825938725708,0.08229661949115727
0.9186130103903627,-0.004964964619444456,0.1472504247351161,-0.3473303977691164
1.3514475875944842,-0.022335126935504268,0.1668937795491919,-0.21917260755581675
0.47332647459893157,-0.0965018876857566,-0.015341602576709483,0.1509759933721419
0.0073590070262976376,0.422480315221926,0.47291418511827954,0.06816564648039983
0.26960254233406533,0.4698447035492058,-0.13853137907058213,0.2835636180627083
-0.09298053253840038,-9.293907446899716e-05,1.7066695234491847,0.22581518227142577
-0.751836673865768,0.26496826143381913,0.3409918306618407,-0.3653040121660184
0.5749342030053256,-0.3181985667535929,0.3871431168669885,-1.039401371307009
-0.15220295855641391,0.6301933184588879,-0.0816560966541952,0.8893861774042171
-1.3623538418912835,-0.02182723213706317,-0.13577373377303414,0.07804885125147572
-0.3344075938765576,0.282733151708538,0.268534359532203,0.21703727535609701
-1.2769555263804893,-0.09378371183366518,1.0101389898247015,-0.011600148261107633
1.1240734712113831,-0.41399910393442557,0.3329278373385755,-0.43884958489569703
-1.4632945133284625,0.8438507507717179,-1.6408065441960344,0.7216146481660481
-1.9970204027545444,0.9352686323850186,0.37796045712877185,-0.0034576543340545385
-0.29450767485546875,-0.4731369744445696,0.2624457844949134,-0.4057587292340943
-0.602802411005658,0.22728428390383007,-0.7403905101720187,0.7423541068922198
-0.6329752608841192,-0.0014838023491506036,1.130847731602016,-0.043326708654668124
0.4925759133665294,0.0281706901935892,-0.3941259938809675,0.07338234735959036
1.7145741099462684,-0.4907031375219765,1.4367369016054048,-0.20763425343675251
-1.1673736518809066,0.019562275265112783,0.9494852733516447,0.02435688418613531
-0.3954785274041924,-0.14809085446097137,1.8472840616753206,-0.5248719599674613
0.7525052732488386,0.25483682527084084,-0.5704794098861757,0.8089067588907796
-1.1765579637076233,-0.05486684831670441,-0.4727452946564945,-0.11849742071026972
-1.2235042087849972,0.20704334445985423,-0.38612658256973087,-0.09412022602014433
-0.17958395914814004,-0.26837356349887287,0.17933129379142798,-0.019377614983633135
-0.1312346544240484,0.22548033579054322,1.0909634755764672,-0.06248612230835002
-1.1125110852499387,0.11631814334106785,0.25688381444265035,0.28638168449071366
-0.6784539150884835,0.2962223706580045,-0.36528178211064644,0.1272926294277429
0.32619820542546873,-0.4836111571226126,0.1700248621964962,-0.15574720714442916
0.9775620039842002,0.29860333268433087,0.9908053138607359,0.7930866990356369
-0.62162360272607,-0.047613551417073574,-0.23556245238357457,-0.19531542867251017
-0.5690184121599389,-0.39353859370171995,1.7548873977683688,-0.380972125697279
2.0309237790784556,-1.1119729723101446,-0.7181579569362022,-0.5341308608084989
1.4049027213348912,-0.7124247402115227,-1.8194639753873103,0.3815528265182452
0.9273457150052153,0.010803379653213596,0.2338978650443157,0.3845788777660972
2.194779109295984,-0.46197732524790586,-0.6950922896548489,-0.4655879505727611
-0.17161316376154878,-0.005094884804738256,-1.4803667419239,0.035412730286013994
-0.660212430919071,0.2913964325221293,-0.9644293711557625,0.3075641289707005
-0.09984074470650958,-0.21507619304017395,-1.8497877680404502,-0.8374325680787718
-0.9877653815245943,0.31944883959843523,0.26162816995778104,0.3521137629555115
0.12436717152560127,0.21438052471995045,-0.7483287555602613,-0.12709757975361027
-0.6923991060120891,0.17820668110011192,-0.5417290769873787,0.1871627759662381
-1.1655680641550679,0.10694867708166328,0.4348372985923032,0.11004131681539647
0.7201264234623925,0.19839616340497584,0.5069141165183384,-0.7539496508313162
0.14029471734994317,-0.1530395732206133,-0.705245809646706,-0.09989420351730845
0.15765154556569203,0.06827757267131876,-0.7169809351164022,-0.04699708277576015
0.11067744356432764,-0.03135481630791424,-1.6370607753749642,0.023237271873966937
0.6624430430324413,-0.22131256443603964,-1.5900627679839712,-0.46967751410527897
-0.3010681634972094,0.30012142096742334,1.067246011501922,0.08298618833169054
0.2721010474345833,-0.14771192762726726,1.0043911815883269,-0.4299814192151899
1.6153068691958439,-1.0668151828522552,0.4501416940009175,-1.075689493552253
0.6385056878949866,0.3201330266428115,-0.5791322709000851,0.09751847220247534
-1.5064178873984306,0.2045991561020949,0.39379411631664935,-0.09578915392813983
-1.4103101175324453,0.7055928794051728,-1.7803682878384723,0.28311831087189676
0.25588493003657586,0.02180155213732715,-0.04564201845823285,-0.27643075154750957
1.0785251151547617,-0.13297020176060195,0.6435223521079395,0.10352378181758415
-1.4015422673874554,0.7409083433431571,-1.8857485993315026,0.5427526000057489
-0.43301599420444,0.1670944799238156,-1.7443157988546483,0.05098104814834748
0.08581595967293723,-0.07263028361886074,-0.46495524580938963,0.09709865446312482
0.1158476754083515,0.18616187738620354,-0.03744360538942916,-0.03529132060436728
0.2518675647166777,-0.4525230018520482,1.7197046515371437,-0.5526180683806565
0.5550425911798454,-0.20569600204362465,-1.2684466688061493,-0.029398744487101974
-0.14724236045825878,-0.0016260125393719113,1.743669038689823,-0.12235280712350784
-0.10192146897548755,0.5194990599001541,-0.13174785928957589,0.0433699101446644
2.0745821695178077,-0.9568965348406135,-0.9193688226209277,-1.1319884599883308
0.4378482609106394,-0.09796911280377789,0.3672239758590068,0.5533132466108105
-1.180211949975769,0.2034669710388862,-0.4006459782506943,-0.1297981156589749
-0.39251391336509633,0.48617934929880785,-0.6926870084598304,0.13161994046246764
0.9874396959673449,-0.15866399806673037,1.8477436329703893,-0.5546942250110242
0.5342299675589378,0.1658569945993843,-0.9295623091497053,0.0982175305582357
-0.6777292932902452,0.5420219244820952,-1.0365816521908529,0.15937586665651454
2.2909353074703804,-0.7017330406674717,-0.7233371653303492,0.1363636172511044
-0.6764397771033045,0.548410142423444,-2.2594262926006436,0.13782223035615745
-0.7231165235252685,0.56204362839019,0.4620815286483257,0.2831662251798521
-0.4510877748687592,0.3856887973190625,0.5089921697248948,0.7752634033040944
0.253212672952639,-0.21355506694562765,-0.6454483881640403,-0.8611498982154743
-0.21394234819648447,-0.04730932509208076,-1.9540495622913143,-0.2969144301191618
-0.8923665647925284,0.16084040960559137,0.1033668753220545,-0.253593413232412
0.48271748467076975,0.0932877772445862,0.3903999052377903,0.32671873356731285
-0.759879931169471,0.38663339797626756,-0.3401730729105455,0.6459268530314772
1.8507455282773768,-0.3463104363615841,-0.378381753272429,-0.48244758614950234
-0.3833841618684497,0.17053002642245346,0.12780779428766942,0.09788991096517374
0.8096692107737675,-0.169501781268811,-1.7505060379921003,0.15890770566837414
1.8425719873502382,-0.24258392312869054,0.14601510405520124,-0.48460839248092924
2.1704718700141274,-0.14989196815494593,0.07273501342024931,0.12784239071849715
-0.181097529030002,0.1926823948772825,1.124014473485942,-0.07341585048470137
-2.0649545433677146,0.38817942205893957,-0.6375610598700986,0.24276784912057037
-0.571127418049921,0.40608369845730086,-2.0517834143375775,-0.1659078214893307
-0.13909417148376735,0.2963493078708139,0.1636530468950731,0.6754317235373225
-0.03172655752360281,-0.497281870407815,0.8919699862815089,0.39877942395886173
-0.6865862765077851,-0.03310846917412938,0.06251804786868218,-0.3996006722429107
-0.43312315454776124,0.5586774203300731,0.844504825018033,0.38618515336990994
-1.9242830076489092,0.445479636953648,-0.9546897909305074,-0.09044520513886917
0.9269963578600757,-0.2763688227769347,-0.7048701263188459,0.020411894650507884
-0.6963468430040028,0.263542201527829,-1.9130982045434781,0.043790531332779714
-1.0802260825318428,0.24002502802906056,0.2446916073068218,0.6268968963376499
-0.179281588364024,0.024079422112351454,0.06884096407029312,0.17995750789024856
0.5617547567606905,-0.26183112309319756,-0.9308141139954468,0.32164770278951504
1.4156535319319665,-0.7794909765866245,-0.01971584283798772,-0.3941428121007733
0.011312155580253384,0.07425488223963453,-1.7398053593451392,0.23434786268147595
-2.0180900591845914,0.8124788140010126,0.7756574578112468,0.6688400758079442
0.41264478957574363,0.09444007122362252,-0.6148341102625847,0.5748391457294084
1.0456038524788867,-0.1141508128584395,0.05778159551288348,-0.45598651380993976
0.5491802433899698,-0.1848784370984079,-1.0056571713781404,-0.1344715723470506
1.6484867149766071,-0.7425758966366052,0.4560801782077341,-1.0415584699621356
-1.3822018427417744,0.6085325196664721,-1.107008504415834,0.9305546178467186
0.8651153716911755,-0.14049083874215412,-0.8107307050819834,-0.13188307155978152
0.8418060199463081,-0.28027529628331627,-2.901977338765169,0.12400926377980473
-1.7060918693444485,0.8486342396678788,2.1655232289507267,1.0730112150263191
-0.13086834258568983,-0.1934317966586941,0.6717887124994522,-0.2359462574399678
0.8828437798648675,-0.21631462648645458,1.1413271356625285,-0.15141251343063347
1.5496993159854748,0.1662470466810927,-0.6659676510759066,-0.409536889310528
-0.22652594357466657,0.13735575937764538,0.19659272277727702,0.2995095698678455
1.2388480871756797,-0.34735513907789745,-0.7500176687881158,-0.24451235830403031
-2.2089457200602087,0.6954480714345297,0.39140916746902843,1.0372077259169488
0.03435970906700685,0.17693913029041483,-3.0113950584441644,-0.27571423364287284
1.3977558528378442,0.010862551658229413,1.080846233260772,0.1334378270877466
-0.26282197510784827,-0.032044935676753594,-0.469911358413659,-0.20103819202337667
-0.3609383027993832,0.221288356630662,-0.7650988018974616,0.13079938916469047
0.39429017951217216,-0.49831561206646896,-0.35998803856132505,-0.48185585940518005
0.9740936482412065,-0.3737372631857563,1.1105884063656706,-0.0018252576223716788
0.7052976741793492,-0.1329747259725742,-0.6657986489960317,-0.20288545223848925
-0.9107687685861661,0.21133543118055853,1.7511369551631437,-0.2979724806071209
0.1419284593455885,-0.22733578434376275,3.2248910139198794,-0.1020812449010784
-1.4187350772331584,0.5353181743957426,0.007297384023741631,0.3127491912899568
0.08754103352676149,0.13422247780427113,-0.15700125243765153,0.13845596527880244
0.8025832824032286,-0.23315231792216068,-1.0399474279320045,-0.1602313933208207
-0.07718532592080475,0.43635906638112576,-0.7630028320360066,0.17812371891638712
0.057162243250285766,0.25026584218603476,2.1368119725875103,0.030888768329826788
-0.8359496129112084,0.5987578306262427,0.9299770180627919,0.2707362095247647
-1.2200098896070184,0.407997752160753,-0.23972078610829692,0.5860101145410368
-0.00014294958394584712,0.6086016979896881,1.53481562711653,0.221806351643103
1.0939995912447553,-0.10997313943801593,-0.5284691846927013,9.604507631495729e-05
-0.07343616071344615,0.04475709423605774,-1.7728820437590782,-0.08777877347072066
-0.5351248763241274,0.3070038455517965,0.5204002050001565,0.26197046088721715
3.1315201316780357,-0.2803398726967815,-0.9848440269723219,-0.07785753659068179
1.6074827705898758,-0.19729701955739404,-0.18083803204034093,-0.1504258587102468
-1.3791727857411926,0.5345285588128678,-0.7347659273075143,0.5466286245465481
-1.1713861917449975,0.60237218977602,0.07005205843756417,0.19418252842239844
-0.11318295751374513,-0.06519446438869003,-0.7300939642756159,0.15007966553988977
-0.144620536064833,-0.1314459929750632,0.4603698388485169,0.10264338528343085
0.13739438174818253,-0.3585231109200208,-0.8935339113441898,0.09373044880166073
-1.9977240275184796,0.6033219383762495,0.816501299583908,0.36688873199472627
-0.08179355504962696,0.16642460005409915,0.19311751434665728,0.0444616058251838
-1.422755741767464,-0.22491495177772908,-0.8823560465962246,-0.441742576720757
-0.24612810516786865,-0.03214960061478053,-1.41015176142727,-0.33586787520444156
-0.3963883591600894,0.06902962028250001,1.7912783149697442,0.1108642183313271
-0.12854307500189918,-0.1261070769402782,-0.6952088839697852,0.4227317090052647
0.9521076306757549,-0.36166379029397727,0.1457739474433388,-0.21917146382002345
1.0753069343418236,-0.4548828209807601,0.7160136964791608,-0.22012285839533596
-1.73735001991923,0.4247170125549702,0.9349532449509794,-0.0988375021501478
-0.11100357549198792,-0.1779564072755348,1.3039981839845523,-0.1506443430984536
-1.2335099246190844,0.519121752217904,0.6056090896817893,0.923677633142478
-0.13959732913859488,-0.2551248606546264,-0.10190179392139963,-0.4742880164951405
-0.3793407371229293,0.01603486438640518,-1.2506242599716229,0.15157389133065888
0.2945767657335619,-0.027954058341231186,0.6856452158392996,-0.12706721959565473
-0.5050727602505172,0.3045961202809,0.9305145042905467,0.2454652484225206
-0.7700679663873035,0.3509709429772804,-0.8476285289548416,0.8519576319834576
-1.595969714453519,0.5842063165007396,1.097646411862319,0.5160994503220254
-1.0087722496012848,0.7648316727511186,-1.5562561632110894,1.1709754374701966
-0.6325809023121645,0.5698895262680044,-1.1267061161444638,0.1532746635054494
-0.9082140660936866,0.5588281660282428,-1.2833707607308764,0.536276317329547
-0.9284946818667498,0.1668698502889676,-1.1171700376773315,0.2063338932721187
-1.4381596031266366,0.5830871151906929,-1.380629743783001,-0.06363503879916049
-0.27644206147999767,-0.11282077279509603,-1.597058482402144,-0.14058464365337997
-0.6092814922716141,-0.028425489347403132,-1.1633937614985945,-0.020427769678467624
-0.5548575594126801,0.2264147479354145,-0.645745935460326,0.19384045031136116
-1.6793374401346108,0.6400639221933679,0.636678313389965,0.24930965130029942
0.35814607773518714,-0.09766829820959638,0.5735256867319097,0.019973738264496874
-0.8629520101305282,0.5787837644951719,0.5159953395210345,0.29209302977954016
-0.17970227829993016,-0.1671003668765534,0.3637415889321184,0.26335700643351534
-0.973703724966155,-0.21316512255707515,-1.2069592339566013,0.2148963273726373
-0.34501745133721273,0.4095200209050535,0.8463296188462082,0.1873123616519407
1.2949960183506264,-0.6343619189038241,-0.14978732368830788,-0.21094674109802958
0.5927518789697027,0.12865883370524855,1.4271347501190388,0.0579175134199138
0.7484095607053897,-0.24869523914307323,-0.13619293160712387,0.07905888449483287
1.0895239685639395,-0.5293262357314221,-1.0992757147456795,-0.1339393975988996
0.12462018946967411,0.41607735227329135,0.7301232092291234,0.6468754355096783
0.178975771417743,-0.19539251530559423,-1.0778192935478277,-0.4579345805413663
-0.8496860905743497,0.3308885695691524,0.7776006051130686,0.1996429090710382
0.9739701680570763,-0.04035330321230837,0.10331758185273972,0.12956127569866038
2.076409817882147,-0.5730222659192541,0.026828283442226163,-0.3885599602839239
2.3051211418379443,-0.8199699629528038,-0.311907552624553,-0.5343316585605927
-0.10020947493267551,0.08913367667067276,3.6284202357843665,0.3280797495405715
0.20191974321570746,-0.26683192705215514,-0.26242598350855,-0.06313072435875511
0.7725035808236104,-0.21589339734828825,-0.9354909088477011,0.06921248172182948
-0.70771780813039,0.025840378267387415,-0.9086899840301015,-0.129832639757484
0.4049874278555046,-0.13608234070334232,0.9354203886722139,0.052905854556848
-0.22196680061061508,0.08577216796444513,-1.7435163836802294,-0.026336326132688284
-1.8593586010947003,0.5339881646180232,-2.0743907702263953,-0.25305372497270695
0.9393443003736774,-0.042678658985501494,-0.4449779756164956,0.33307020481731275
1.350942471684843,-0.26045206680561217,-0.20186360851427806,0.5607526324175166
-0.7638881485674726,0.1481004608079851,0.5655718759407065,0.5167253460066964
-0.7345521214670522,0.19787258474693642,-0.23682541774188667,-0.09542859195726883
0.025525461395207456,0.2777814709685969,-0.21704129213343681,0.38916396637720785
-0.7488895358672883,-0.11225190429703119,-1.9534926963181285,0.09474540746495709
1.3634766013875814,-0.264534891129367,-0.32441288329499357,0.2874818100120218
0.09544651149584389,0.4582050081429191,-0.5797678662541051,0.29270064324080247
-2.834448806678165,0.8649076503768387,-1.190132190273656,0.09482340933145034
-0.2970309231614007,0.47302848968007727,1.0932474994856864,0.23548729453245976
-1.305146585160821,-0.4793258484960604,1.163782141019811,-0.345496850105921
-1.0092270010510964,0.7065537294992734,-1.9160985505149288,0.882356859550351
0.8136344965260198,0.11562467791456613,0.014054158990949263,0.11960183545759784
0.5876132077159343,-0.14402561105953005,-0.13355513155591517,-0.515002546913869
0.778912021436805,-0.46509709358771745,0.032752202087302014,-0.01695250120258418
-0.47823251791005184,0.30526293126364634,-0.2894933840591277,-0.44884698540755064
0.48843137257805636,-0.22105678031569814,-0.6820921718968894,-0.04461017523639135
1.0240496742130387,-0.6510836380163109,0.06552852389163163,-0.18192271338008412
-0.3431545756297671,0.2982120584262641,-0.5586664049713753,-0.09445331049994007
1.4028947420052142,0.1256078215602785,-0.0723360107998239,0.17629521062913572
0.4348555418920938,0.2566216780817246,1.9614111345135616,0.27132636695753537
0.4492468496057754,0.29032608140420163,-0.5266404502703227,0.23520951970864107
0.1780936279911158,-0.3862798266621118,-1.9632556168888182,-0.25493283702308855
-0.35321695949080173,0.3192828156685937,1.7570713673504095,0.18719737368415681
-0.877202663929686,0.7987714708493607,1.1501523011436272,0.3069655515591554
2.753063443041678,-0.15517122267877148,-1.4643787156009016,-0.3023491734637025
-1.5215139351546045,0.027994503373099222,-0.3938287817302362,-0.4475625554275634
-0.5142281414696525,-0.03219092823916578,-0.0790997881956795,-0.17986572507670617
0.8109247995189787,-0.13772246117776926,-0.6547548088985593,-0.18722498200752227
-0.06362925985279003,0.06066672749642536,-1.0939053856189096,-0.2786114674824052
-0.5176438488500711,-0.2573342742620255,0.41324685008996903,-0.23551812170013503
1.1247335397720242,-0.47299685794206076,-0.5060805999233852,0.14840062084284805
-0.5957388794530661,0.33321424735438643,-0.8601437852449084,0.6795386040438869
0.5651260646246338,-0.49478881845820144,0.6078300407194818,-0.4051188236701855
-1.8092024819779045,0.3915661173512919,-0.5094702127301445,0.6000584021562972
-0.6562505158891446,0.5399899553789007,-0.12256904560300082,-0.0717065768672907
-0.1294023432844072,-0.059943858573602314,-0.1410876263226004,-0.25612370995821426
1.5937568537831432,-0.5740894785424887,0.4423441251856462,-0.11665003024546425
1.0528899693695606,-0.16230226659860514,1.3907749126161102,0.019660979896398686
0.8520682208014753,-0.39501841315022507,0.7098985389159921,-0.4732995815704491
0.6596873954210738,-0.8570159998688928,0.04110450630704337,-0.6105387531773119
0.35556967137655277,-0.3246180996619415,-0.49563602413578983,-0.16623613264449869
-0.04299368582052046,0.1952084478002095,0.8827092484274482,-0.03016758233510783
0.8663122592794706,0.09648965979945567,-1.349334113681404,0.2783934239771866
0.6149295254406578,-0.15648680412450283,-0.01872231878829664,-0.24937324576136258
-0.17216298658158907,0.12535292795204495,-0.6210891606550267,-0.39862669219601415
-1.7931378305883472,-0.07464044828836913,-0.2618144167348215,-0.4161531181875661
0.7839274725424994,-0.05431845655363818,-1.1314827680093689,-0.35668368088512076
1.4119679322008254,-0.8519298021276146,-0.8350811855995187,-0.9753021380047238
1.1080632119982499,-0.031203851391848114,-0.35174856016252354,0.5262152324743675
-0.06169643277018863,-0.40356448850149373,0.4589936297716993,-0.24806068088096073
0.6546875564933791,-0.02584743457278038,-0.7772641153821406,0.1759679811831696
-0.09623321435212466,0.09365729765662983,-0.21496458261831705,-0.06104964649846075
-0.8449273983704391,0.5022835820076389,-0.34779162987098927,0.13830040401112084
1.1687215070855357,-0.8173786704868939,-0.09675623634561538,-0.2189690835297496
-0.1771949065436828,0.2077426678734491,1.6287560078123526,-0.22146378845957645
-0.4593712883227417,-0.08743850919876436,-0.03971525784785723,0.10487983013135643
1.1367728402972195,0.1692127462430218,-1.5180172140829946,0.07414665812770221
-1.115337615656345,-0.06675788280885986,-0.7389628578973818,-0.0782412400133765
0.9834677301659581,-0.8361651503628211,-0.11959844397196502,-0.42926926116713154
1.022421024894894,-0.2562238467088597,0.23182178516798504,-0.09038205903308061
0.8661499355626328,0.15897536215960734,-0.672786288858425,0.29505021402665904
1.014265083443738,-0.1485883235942612,-0.6905106670289919,0.13262998710606888
-0.14231424222384936,0.04659652088327319,-2.6159827351581555,-0.15238054361983105
1.1490461598981419,-0.4885074708431435,0.5706982865590802,-0.7494377500831
-0.6333135692817143,0.35060946821435635,1.3575236461022386,0.09075611455056642
0.6600163039704893,-0.08766938046869488,2.6493291618375467,0.0938537781993152
0.2618469647474843,0.13010466746716007,-0.7578165674450389,-0.042148266812649174
-0.46381511376357126,0.56074760781685,0.5310772609692005,0.9206863406318915
-0.9369832940079763,0.8522180197567284,-0.04461491980317331,0.06924780712991113
-0.48169030170509075,0.0508949854548882,-0.45837615973488305,-0.23941241732501223
2.3454446765105774,-0.6895446309677891,0.22006369625957042,-0.542089027389312
0.38173241631769567,-0.3203910398865822,0.3736006070463463,-0.16866597081949264
-0.44788660983769335,-0.13455902706492892,-0.09240986110312588,-0.1892118167913906
-0.9403933280026879,0.2198001861707498,-2.569965690572068,0.4039496144323638
-1.511891053480572,0.7632457562103232,-2.171694782244426,0.20363641802529575
1.3826963387717133,-0.5513273041016945,-1.0080211211026229,-0.34061978286460604
0.9714982279905093,0.019218876446162048,0.5367122657473565,0.039571649119453836
0.5352130898372074,-0.41346002291492434,-0.7845392843337623,-0.07760686711976078
-0.6413171403574343,0.11419398549865031,-0.45739810450221496,0.0822587729997279
0.2727658095362753,0.386972618916478,-1.723173601327136,0.6143166266846184
-0.5601446857531741,-0.3365950921268918,-0.16840027228052085,-0.7302072302115007
1.0717497623635013,-0.1445289986668265,-1.2353397583837855,0.029873918488938042
1.302248132851759,-0.5330043040745899,-1.0955414989662355,0.0909337958322391
-0.7476284313815597,0.2430057558647044,0.2629024324004446,0.1550552777923886
0.49340176736684416,-0.21033109404601513,1.2658059588125683,0.1719239080132222
-0.22612494474492373,0.19514227230788728,-1.2449666961873758,0.0037654340317785917
-0.7434687822738686,0.08430587352655866,-0.230737269019863,0.5137077497721475
-2.848579160566584,1.3389860868765266,-1.4532410811880756,0.9451876411832288
2.0512972988852507,-0.8356415514333172,0.6929338135494642,-0.7193294857217606
-0.2861056021706158,0.4877867725615149,0.36468752004212784,-0.0024974798199261516
0.29198357777845124,0.10961843952614042,0.6640776860713592,0.29065874174967565
0.10776260637607751,0.25721177755318914,-0.7483744600335226,-0.14206308506666815
0.48943820448981185,-0.4217681268097822,-0.1360053244534044,0.09618422079743827
-0.058118343512236006,-0.033720043282689405,0.3880839167984899,-0.053204202606657786
1.1578111551658454,-0.28160582225287906,-1.6058103812912867,0.06870789685021875
-0.7941366638329707,0.3569574021469229,1.2471763680191492,-0.3416315366669195
-1.0578780056815869,0.07158517501450956,-0.16456808277486798,0.09430301526811954
-0.808750119438592,0.406028994246337,-0.7484173254400643,0.6351158830854905
-0.8467416791885711,0.15345816678567026,0.18568208652248688,-0.11821903558522194
-0.6768237972472565,-0.022973381745548777,0.8364605880842034,-0.15145740489188494
-0.4217073671010895,0.28003054346718725,1.1792982017944758,-0.33481560173633607
1.6399019741862053,-0.5073025732238704,-1.4889995436753554,-0.11799700030197272
-0.04300492330178674,0.03203390969986591,-1.0587521250631442,-0.8184703708483825
-0.8168805826696165,0.19184725903293479,1.0539979302943439,-0.31971397516381944
-0.2765631170202438,-0.5024903766591535,-1.7121419413703636,-0.7176080761820436
1.4520312608780102,-0.8072481724249255,0.46769718783583203,-0.38246041564188404
0.38406938167553517,0.31290225755971607,1.8898980225207962,0.6036353985713887
1.1956268358172144,-0.4010590191227275,0.06967411967183405,0.11280203287520307
0.6194489405856456,-0.46401640152550794,0.5799455257906524,-0.19763987811586273
0.016452642861670065,-0.557967168901606,-0.18103121588470175,-0.5810055716730087
0.5178985840833201,-0.16238397271179905,-0.2558580682457916,-0.3880528810742121
-1.0349131671462413,0.7078320918830014,0.7180234501235554,0.7357553396015396
0.9738032701543086,-0.6013063943254906,0.8028859708329001,-0.3363529176597184
-0.8485930002055464,0.36308668424025,0.7947079463828297,-0.05321750308298079
1.3435715861538258,-0.28386333240527983,0.9975089610108442,-0.09428652308842816
0.8890377832743138,-0.16577602403657543,-0.48862359016245027,0.1311396016257136
-0.8092311535501074,-0.018389671878227848,-0.6481520441395575,0.3274503782274227
-0.16676661037556392,0.4592038559829339,1.45390487922748,0.6177127861333926
0.4916394709186634,-0.36469056884575923,0.9177746699598526,-0.37635276405600143
-0.41537439473443855,0.39109875738412975,-1.1704136746552039,0.060616953293953335
-0.45924133053242266,0.4712689516935856,0.7392259476634324,-0.16992317884893898
1.9860220032408251,-0.8138267961353711,-1.079450746774919,-0.6130331180233796
0.3369486992167594,0.2109718305485826,-1.810525551052353,0.35888394435790916
0.014773301059735571,-0.285278486493636,0.860256019959969,-0.3509701483595661
1.2711978964410091,-0.2832971331344864,1.4788147654708816,-0.271509351164842
-0.4258760390366649,-0.1834853025804638,-1.8190433662681738,0.38830519985143386
-1.8431415772812259,0.6180788167275602,0.11471213619065061,0.16236951504531968
1.0656123242473372,0.025041166879057775,0.6283271898470787,0.18381271257018278
0.4622319158229563,-0.32197739727346053,0.8148913409805679,0.44772429869775476
-0.05945377750617829,-0.09774815783199982,0.9463354203316416,-0.02284976542079771
-1.3293727223817744,0.7202133822500739,-1.4818082813143607,0.4122994741599873
-2.504191884300581,0.7240054545549225,1.1258906658869259,0.9925845291643931
-0.14273099394627323,0.009992261945809558,-0.992958236791063,-0.0869085720906551
-1.460987635113827,0.4620857294077464,0.6630196899073825,0.12260027344809246
0.5438365425228637,-0.13539301324054392,-0.24810503079953788,-0.7868231288204661
-1.5500525808750447,0.2112832857984878,0.5227889401111911,-0.30730341902242675
0.9650555763353712,-0.5150125910765175,0.9022620474990055,-0.1935357516127649
0.6872999250872148,-0.3796594450386548,-0.6915828544552176,-0.4260580550470201
0.8654307964805121,-0.4981471940370551,1.0582213765976354,-0.15792341071282442
-1.4068439851986017,0.8654063952854432,0.3969107168882337,0.9548703388609991
0.5353360100376159,0.13274507024376722,0.6419890225522681,0.6314260936026997
0.5382140102890963,-0.17894191629315795,-0.36751606943819787,0.163586391578115
0.05504164611046647,0.7155163705269262,-1.43309133010753,0.27513236307433797
-0.35389964879521574,-0.40325543459666624,0.22928215911396269,-0.5211441644831064
0.8628648128965761,-0.32625809567833164,1.026659045108056,-1.0561990253982358
0.5130469833500068,-0.5192534725869762,-0.6571994282687236,-0.585864378981076
-0.7698891055920749,0.6945510412481641,-0.48979208078377257,-0.03502399501608938
0.08716219793122056,-0.1515978002975315,0.7050714130798594,0.05160230555201935
-1.5082474814491251,0.061465555410641415,-0.6876440228784487,-0.0758243757621406
0.7461643441665496,-0.12570423265199698,0.8588371033045152,0.006268767493059019
-0.5982029023206669,-0.1332646197449748,0.19767425059760285,-0.08372368177468645
1.285364704262163,-0.5409428390420057,0.046076270896357546,0.04019426555923644
0.911831705179582,-0.5867055417954634,-0.9940259347174687,-0.08431772104421148
-0.35022764082966645,-0.08548668443843148,2.0664134777553196,-0.26594419756117355
-0.7014533808053469,0.27231031466626693,-0.9606173075617777,0.005929690711426683
-1.0353093427109945,0.14933649890727094,0.496431354508042,0.20441470005809537
-0.7775319321083076,0.5608596765608203,1.3508688072010564,0.39715537994816474
-1.3107062934830955,0.5232262432765065,0.6299077746703281,0.31439973861406406
0.8770700719324469,-0.0610212668000501,-1.5443757544981633,0.029367835170203277
-1.7529049202023013,0.8803149685858327,-0.08159289783525184,0.6362882945497736
-0.8391363131355308,0.17500612713961128,-1.2731388190657817,-0.0303607856700511
1.132691319970045,-0.2871627477946996,-0.3561389426513338,-0.36300563540283315
-0.25912098068380257,0.11424033226950048,0.39295456999537154,0.02983072558335583
0.6634497133311277,-0.2421274624182922,0.4534522150779342,-0.5827782341919665
-0.35633864489431577,0.3139363644127356,0.037871523197228925,0.314085070279041
-0.13049599142516743,-0.3848758642746581,-0.3103791947041324,-1.051429588101458
-0.13995471705753246,-0.04339406292688813,0.30191025951857553,-0.432614971554742
0.6002015384268998,-0.13841707501242279,1.4898873423503969,-0.04851832267039059
-1.5138430269024543,0.7009282009139455,1.005095275747464,0.2573415590370567
0.12497102495011017,-0.005871439526335984,0.47179226107320454,0.4114543973327756
0.9635334147694994,-0.5000919296517902,-0.35689102927298405,0.19750445753902113
-1.667619849754042,0.8633736151896645,0.43311268613203174,0.9000254337783451
-0.914589329792738,0.34174977383717786,-1.019939911448525,0.49307165876917614
0.47604344303415047,0.08571245091684579,-1.2810450762459067,-0.11841665313310352
-0.11785159948950391,-0.4381422084124157,0.933229362758067,-0.49176833534275777
1.8745377107712837,-0.3142114742228843,0.7482429051820528,-0.09318068218863979
1.0191902725047375,-0.43664170486034276,0.9381114215718405,-0.4004857967991805
